UserID,Age,PreferredGenre,WatchHours,LoginPerWeek,CompletionRate
1,47,Romance,19,1,55
2,58,Drama,111,3,88
3,30,Romance,62,7,83
4,37,Sci-Fi,19,1,49
5,58,Horror,64,2,42
6,21,Action,119,4,48
7,41,Horror,119,7,96
8,30,Comedy,109,7,98
9,20,Sci-Fi,88,2,69
10,55,Sci-Fi,84,5,98
11,25,Kids,115,1,93
12,48,Documentary,91,1,53
13,39,Kids,44,3,54
14,48,Documentary,84,3,46
15,42,Romance,92,6,97
16,50,Drama,33,2,85
17,47,Horror,33,6,72
18,52,Horror,6,4,60
19,52,Romance,18,1,83
20,38,Documentary,46,1,65
21,33,Action,78,2,90
22,40,Documentary,41,1,99
23,49,Comedy,54,4,88
24,28,Sci-Fi,50,1,59
25,18,Documentary,58,5,91
26,45,Drama,94,7,68
27,52,Romance,13,4,69
28,49,Documentary,114,7,98
29,50,Romance,66,7,68
30,56,Sci-Fi,93,3,57
31,42,Romance,58,3,65
32,54,Horror,13,6,64
33,28,Comedy,65,5,67
34,34,Kids,114,1,69
35,44,Horror,28,7,40
36,37,Kids,84,1,53
37,29,Drama,15,3,74
38,54,Kids,73,5,49
39,38,Documentary,90,2,82
40,26,Romance,20,7,85
41,56,Horror,51,4,95
42,53,Kids,87,4,96
43,27,Drama,89,1,76
44,21,Drama,80,7,70
45,42,Comedy,66,4,53
46,30,Comedy,83,7,99
47,26,Drama,103,5,68
48,49,Documentary,85,4,84
49,55,Horror,90,5,73
50,23,Documentary,46,6,88
51,23,Documentary,28,4,98
52,38,Sci-Fi,5,3,58
53,53,Action,98,1,56
54,35,Documentary,79,2,83
55,22,Action,20,3,53
56,31,Documentary,20,6,79
57,46,Documentary,30,6,65
58,18,Kids,115,2,54
59,52,Horror,74,1,41
60,55,Action,62,7,58
61,19,Sci-Fi,78,4,83
62,46,Kids,45,2,51
63,23,Kids,58,4,97
64,35,Documentary,58,4,85
65,51,Comedy,77,2,80
66,56,Romance,7,5,46
67,39,Comedy,35,1,63
68,42,Kids,100,2,87
69,55,Comedy,41,2,62
70,46,Kids,101,7,62
71,30,Romance,103,4,97
72,26,Horror,5,3,56
73,56,Sci-Fi,76,4,73
74,37,Drama,34,7,86
75,43,Kids,75,3,49
76,41,Romance,56,6,65
77,53,Drama,36,6,73
78,38,Horror,84,5,75
79,22,Documentary,48,3,98
80,30,Romance,29,4,65
81,55,Sci-Fi,28,3,89
82,24,Documentary,50,3,65
83,58,Comedy,66,2,58
84,24,Sci-Fi,62,2,81
85,55,Action,91,5,72
86,42,Romance,112,1,79
87,19,Kids,11,3,78
88,26,Kids,60,4,97
89,44,Romance,84,6,80
90,50,Romance,16,2,53
91,43,Drama,26,7,94
92,32,Romance,80,3,40
93,22,Sci-Fi,27,7,50
94,32,Sci-Fi,5,1,81
95,41,Comedy,106,5,76
96,37,Comedy,56,3,79
97,32,Documentary,51,1,78
98,60,Comedy,16,3,82
99,56,Sci-Fi,63,6,63
100,47,Kids,42,4,69
101,34,Action,33,2,96
102,23,Documentary,32,2,95
103,26,Drama,118,5,54
104,53,Kids,23,4,42
105,44,Action,70,7,53
106,28,Sci-Fi,46,1,74
107,42,Documentary,70,1,78
108,55,Drama,120,2,72
109,46,Romance,52,4,63
110,57,Action,59,1,68
111,58,Sci-Fi,100,2,97
112,43,Kids,23,7,43
113,57,Drama,21,2,91
114,37,Comedy,63,3,94
115,40,Romance,32,7,51
116,23,Horror,72,6,49
117,60,Romance,40,4,74
118,37,Sci-Fi,77,7,85
119,42,Action,94,3,68
120,49,Kids,18,1,87
121,53,Sci-Fi,28,6,79
122,41,Comedy,116,1,87
123,19,Sci-Fi,50,5,44
124,47,Kids,119,7,64
125,39,Action,44,4,70
126,35,Drama,44,5,97
127,28,Sci-Fi,47,6,90
128,26,Action,18,7,48
129,28,Romance,109,1,69
130,54,Kids,14,1,95
131,28,Comedy,97,4,78
132,30,Drama,120,6,41
133,36,Horror,43,1,87
134,22,Drama,76,3,96
135,35,Romance,114,2,64
136,19,Comedy,77,4,90
137,37,Drama,87,5,90
138,41,Romance,77,3,87
139,44,Action,36,5,95
140,48,Romance,67,5,71
141,51,Comedy,70,3,50
142,39,Action,16,6,85
143,56,Romance,71,5,73
144,48,Romance,86,3,64
145,54,Kids,96,6,94
146,26,Romance,38,1,79
147,33,Action,95,7,74
148,33,Romance,119,3,92
149,27,Drama,100,6,41
150,41,Kids,24,3,46
151,39,Action,17,1,49
152,53,Romance,55,5,67
153,34,Horror,36,6,81
154,53,Documentary,27,1,65
155,18,Kids,96,2,63
156,57,Horror,30,7,66
157,42,Sci-Fi,82,5,71
158,33,Kids,37,4,79
159,45,Drama,23,7,50
160,55,Comedy,86,4,53
161,39,Action,60,4,71
162,19,Drama,105,3,63
163,27,Horror,18,1,84
164,41,Romance,60,2,50
165,25,Action,96,1,50
166,52,Documentary,89,2,78
167,32,Comedy,47,4,64
168,52,Horror,18,1,66
169,50,Action,43,3,68
170,39,Horror,119,7,88
171,56,Documentary,18,7,71
172,30,Sci-Fi,54,3,100
173,23,Drama,103,1,58
174,50,Kids,62,7,77
175,19,Romance,102,3,77
176,59,Action,107,3,91
177,26,Documentary,50,6,82
178,55,Comedy,65,5,48
179,25,Comedy,93,3,74
180,39,Comedy,102,7,90
181,48,Drama,101,6,85
182,59,Drama,107,6,89
183,53,Documentary,53,2,70
184,21,Action,76,5,51
185,22,Kids,75,6,47
186,35,Horror,85,4,56
187,50,Documentary,31,2,47
188,28,Drama,36,5,77
189,32,Comedy,29,4,43
190,20,Romance,91,2,94
191,19,Horror,80,7,50
192,60,Romance,108,3,89
193,29,Action,34,4,77
194,48,Drama,9,6,44
195,22,Action,67,5,81
196,52,Documentary,58,3,93
197,23,Kids,97,6,85
198,19,Horror,25,7,50
199,28,Drama,42,7,69
200,35,Romance,111,4,78
201,48,Kids,22,3,66
202,41,Romance,41,5,50
203,54,Comedy,37,2,63
204,57,Action,19,1,73
205,47,Comedy,110,2,87
206,19,Sci-Fi,29,3,75
207,32,Action,84,5,71
208,45,Comedy,72,3,54
209,42,Kids,55,2,79
210,55,Drama,97,1,46
211,60,Drama,51,6,98
212,46,Drama,31,1,100
213,55,Horror,81,7,98
214,25,Kids,18,3,64
215,33,Kids,70,1,78
216,22,Documentary,89,5,73
217,32,Action,119,1,86
218,20,Documentary,83,3,88
219,52,Horror,73,4,89
220,34,Sci-Fi,44,2,57
221,18,Kids,109,6,62
222,55,Sci-Fi,100,4,91
223,22,Romance,58,5,92
224,18,Horror,101,5,45
225,22,Action,29,5,63
226,26,Sci-Fi,7,4,95
227,54,Drama,14,1,43
228,33,Horror,59,4,68
229,51,Kids,9,2,44
230,23,Comedy,27,6,81
231,22,Comedy,98,5,51
232,40,Documentary,13,6,41
233,28,Sci-Fi,25,3,50
234,19,Sci-Fi,65,3,68
235,45,Horror,97,4,68
236,20,Drama,36,7,60
237,35,Action,107,6,68
238,20,Kids,101,4,68
239,53,Comedy,39,5,52
240,53,Horror,104,3,74
241,51,Kids,11,7,60
242,47,Sci-Fi,119,2,43
243,18,Documentary,93,6,59
244,19,Horror,46,4,59
245,52,Romance,7,7,50
246,56,Action,22,6,91
247,49,Comedy,84,3,74
248,40,Documentary,35,2,99
249,37,Comedy,52,7,66
250,50,Horror,55,5,69
251,32,Action,19,3,52
252,46,Action,41,4,51
253,39,Comedy,85,2,59
254,23,Romance,43,4,90
255,23,Drama,94,6,73
256,25,Kids,18,7,90
257,33,Sci-Fi,21,2,54
258,22,Kids,96,4,95
259,57,Comedy,25,1,88
260,25,Kids,53,7,95
261,24,Kids,39,2,41
262,41,Horror,99,5,96
263,39,Drama,78,3,84
264,24,Action,34,2,64
265,28,Action,29,1,49
266,23,Sci-Fi,46,7,78
267,43,Romance,28,5,70
268,21,Documentary,96,5,79
269,39,Horror,90,6,82
270,18,Documentary,26,6,86
271,56,Drama,34,2,78
272,22,Sci-Fi,110,4,50
273,51,Action,57,2,73
274,37,Documentary,27,1,71
275,51,Documentary,64,2,42
276,42,Romance,87,4,96
277,33,Comedy,112,6,100
278,39,Romance,45,3,50
279,20,Drama,29,1,50
280,55,Comedy,51,2,84
281,51,Kids,53,4,70
282,56,Action,69,5,75
283,55,Kids,114,2,53
284,28,Horror,9,1,62
285,48,Drama,101,4,50
286,52,Sci-Fi,20,5,86
287,51,Kids,20,3,42
288,21,Comedy,52,2,52
289,29,Sci-Fi,85,4,82
290,24,Horror,74,2,96
291,41,Action,67,2,87
292,43,Documentary,105,1,91
293,26,Documentary,86,5,40
294,56,Horror,54,7,83
295,23,Horror,14,6,82
296,47,Romance,85,2,74
297,44,Kids,5,6,82
298,25,Drama,41,1,88
299,23,Horror,31,6,44
300,42,Documentary,29,1,46
301,52,Romance,18,4,76
302,24,Comedy,27,2,77
303,29,Sci-Fi,23,7,84
304,47,Drama,58,7,97
305,25,Sci-Fi,9,7,65
306,35,Action,98,6,47
307,34,Action,22,4,52
308,42,Drama,15,2,68
309,60,Romance,37,1,79
310,29,Action,62,3,46
311,31,Horror,97,1,74
312,50,Romance,75,3,75
313,39,Action,13,1,100
314,18,Sci-Fi,85,6,70
315,29,Comedy,52,3,42
316,28,Documentary,50,7,48
317,28,Comedy,63,2,99
318,29,Drama,50,4,73
319,40,Documentary,12,5,47
320,48,Kids,99,7,54
321,35,Documentary,88,3,53
322,19,Action,46,5,42
323,45,Kids,24,1,100
324,42,Documentary,48,2,74
325,28,Action,118,2,43
326,25,Horror,70,7,64
327,55,Documentary,98,2,90
328,56,Horror,85,6,60
329,26,Action,38,2,85
330,34,Drama,88,2,52
331,34,Horror,20,3,69
332,50,Horror,25,2,49
333,55,Romance,115,2,55
334,54,Comedy,86,4,100
335,31,Romance,111,4,59
336,57,Horror,83,1,58
337,20,Kids,10,7,46
338,31,Horror,29,6,76
339,55,Horror,39,2,82
340,58,Romance,13,5,86
341,28,Comedy,21,7,41
342,33,Documentary,34,2,80
343,56,Sci-Fi,82,1,74
344,38,Sci-Fi,14,3,42
345,23,Documentary,28,2,56
346,18,Romance,95,1,79
347,24,Sci-Fi,53,7,89
348,27,Documentary,105,6,49
349,36,Sci-Fi,79,1,68
350,31,Action,53,3,85
351,42,Action,6,3,58
352,54,Comedy,14,6,63
353,52,Action,24,4,81
354,23,Comedy,54,1,99
355,26,Drama,8,4,63
356,47,Kids,106,2,96
357,38,Romance,99,3,46
358,36,Drama,82,1,51
359,23,Kids,17,1,100
360,46,Kids,53,3,73
361,51,Horror,20,2,57
362,21,Comedy,117,6,68
363,42,Drama,109,3,47
364,35,Action,82,6,76
365,22,Documentary,115,5,62
366,40,Horror,13,4,52
367,43,Action,112,4,81
368,54,Documentary,22,5,41
369,59,Kids,93,6,73
370,33,Comedy,61,7,59
371,42,Sci-Fi,55,6,63
372,18,Romance,20,6,46
373,60,Drama,58,2,92
374,44,Romance,9,7,63
375,43,Sci-Fi,119,5,89
376,51,Action,47,5,97
377,45,Comedy,99,6,49
378,43,Action,22,5,68
379,18,Drama,114,6,59
380,28,Sci-Fi,39,2,62
381,57,Action,72,2,63
382,27,Documentary,12,5,41
383,32,Action,92,4,55
384,40,Sci-Fi,116,3,51
385,43,Comedy,40,1,46
386,28,Comedy,24,6,79
387,54,Drama,69,5,69
388,41,Kids,118,3,50
389,50,Romance,112,5,57
390,21,Drama,24,3,63
391,19,Romance,95,6,63
392,36,Kids,83,1,68
393,48,Horror,102,3,46
394,37,Romance,92,6,70
395,47,Comedy,89,7,46
396,48,Horror,113,5,68
397,35,Kids,105,4,75
398,35,Sci-Fi,35,2,75
399,59,Romance,86,3,88
400,28,Horror,89,5,40
401,38,Drama,10,3,90
402,57,Horror,12,7,44
403,37,Sci-Fi,23,5,90
404,31,Horror,119,1,87
405,27,Sci-Fi,33,2,61
406,34,Action,20,5,84
407,28,Drama,32,5,79
408,43,Sci-Fi,74,7,43
409,24,Action,70,2,52
410,57,Sci-Fi,56,7,57
411,41,Action,70,6,74
412,21,Horror,6,7,47
413,36,Horror,87,3,93
414,43,Action,101,3,98
415,21,Documentary,16,7,51
416,39,Romance,85,5,64
417,34,Drama,77,6,49
418,18,Comedy,30,3,52
419,43,Kids,53,1,69
420,55,Documentary,18,5,78
421,37,Horror,22,6,80
422,29,Action,32,7,80
423,53,Comedy,56,2,64
424,35,Horror,119,3,100
425,18,Action,11,7,70
426,50,Romance,61,7,64
427,35,Drama,59,5,48
428,38,Romance,52,1,71
429,58,Comedy,95,7,75
430,60,Kids,91,7,82
431,31,Romance,81,3,42
432,27,Horror,92,3,86
433,30,Sci-Fi,56,7,72
434,43,Horror,95,1,66
435,37,Horror,6,6,81
436,26,Drama,31,5,99
437,18,Documentary,87,3,96
438,44,Horror,97,6,82
439,47,Drama,20,6,98
440,26,Action,58,3,76
441,34,Horror,84,5,69
442,24,Romance,56,1,69
443,50,Documentary,77,7,74
444,52,Drama,25,5,86
445,54,Romance,116,4,47
446,45,Romance,18,1,46
447,43,Kids,119,1,90
448,56,Action,6,1,100
449,58,Horror,6,1,48
450,40,Horror,48,3,65
451,26,Kids,25,6,98
452,57,Documentary,82,3,53
453,26,Comedy,41,1,94
454,23,Romance,58,5,53
455,50,Action,113,4,74
456,21,Kids,71,7,52
457,51,Romance,66,5,41
458,39,Documentary,92,1,93
459,42,Kids,102,5,45
460,32,Action,25,7,65
461,59,Sci-Fi,119,6,42
462,53,Documentary,40,2,88
463,50,Drama,13,6,75
464,44,Documentary,6,6,85
465,47,Action,78,4,51
466,49,Drama,50,3,84
467,23,Documentary,87,7,43
468,43,Comedy,102,4,68
469,53,Romance,29,6,55
470,43,Comedy,62,2,94
471,53,Sci-Fi,93,5,43
472,53,Kids,71,1,51
473,60,Drama,20,3,75
474,22,Action,70,6,74
475,38,Comedy,105,6,84
476,23,Kids,75,3,95
477,34,Kids,56,6,76
478,30,Romance,50,4,58
479,37,Sci-Fi,108,6,70
480,52,Action,110,4,81
481,33,Kids,54,5,88
482,36,Sci-Fi,36,7,75
483,51,Kids,68,5,91
484,35,Action,60,4,46
485,38,Horror,111,4,93
486,48,Comedy,30,7,76
487,54,Romance,73,4,88
488,38,Comedy,111,1,92
489,43,Documentary,13,7,98
490,18,Documentary,11,3,61
491,18,Kids,107,2,86
492,52,Kids,60,4,56
493,31,Horror,21,6,90
494,38,Action,100,5,75
495,59,Romance,78,4,47
496,28,Action,117,2,44
497,38,Drama,27,1,75
498,47,Horror,81,3,51
499,23,Action,21,3,78
500,26,Drama,111,5,53
501,34,Horror,5,3,59
502,18,Documentary,103,2,97
503,44,Kids,104,1,76
504,18,Kids,55,2,56
505,27,Documentary,17,5,94
506,22,Comedy,69,5,51
507,47,Sci-Fi,43,7,87
508,54,Documentary,93,5,43
509,24,Comedy,118,6,87
510,22,Romance,113,2,55
511,38,Comedy,26,3,56
512,35,Sci-Fi,44,5,47
513,50,Sci-Fi,88,7,58
514,38,Sci-Fi,111,5,93
515,53,Comedy,32,7,68
516,40,Comedy,90,6,93
517,27,Horror,107,7,66
518,28,Horror,109,1,95
519,45,Sci-Fi,106,3,83
520,43,Romance,78,3,60
521,44,Kids,88,6,89
522,48,Action,30,5,40
523,45,Documentary,99,2,40
524,56,Romance,65,1,40
525,40,Documentary,53,2,42
526,48,Action,108,2,88
527,25,Sci-Fi,31,5,99
528,46,Comedy,101,4,91
529,40,Comedy,56,6,69
530,59,Horror,86,4,53
531,26,Comedy,85,4,40
532,22,Kids,113,1,84
533,32,Kids,21,3,62
534,20,Sci-Fi,51,5,86
535,55,Comedy,66,5,73
536,33,Horror,99,3,47
537,58,Romance,73,1,60
538,54,Kids,5,3,91
539,37,Sci-Fi,20,5,68
540,18,Action,15,6,54
541,28,Kids,40,2,58
542,59,Romance,49,6,87
543,20,Horror,8,6,76
544,58,Horror,41,5,97
545,30,Romance,44,5,98
546,54,Documentary,11,3,44
547,38,Horror,78,6,78
548,43,Romance,7,5,87
549,28,Documentary,70,1,86
550,31,Sci-Fi,62,6,83
551,43,Horror,71,3,78
552,42,Drama,20,2,89
553,55,Documentary,49,6,43
554,57,Sci-Fi,91,2,69
555,54,Horror,68,2,57
556,37,Action,91,5,84
557,19,Sci-Fi,7,1,79
558,22,Kids,79,7,42
559,59,Romance,71,7,68
560,27,Sci-Fi,29,3,100
561,26,Comedy,114,6,78
562,23,Comedy,80,5,58
563,47,Comedy,99,1,54
564,51,Action,30,1,61
565,58,Documentary,10,7,76
566,35,Horror,13,4,75
567,56,Kids,18,3,42
568,36,Kids,65,4,60
569,51,Drama,22,5,99
570,32,Sci-Fi,46,4,48
571,53,Horror,118,3,94
572,55,Documentary,34,3,62
573,59,Documentary,110,5,50
574,51,Drama,102,4,55
575,56,Drama,33,3,49
576,41,Romance,73,6,93
577,57,Romance,17,3,62
578,48,Romance,17,1,66
579,28,Kids,46,5,40
580,59,Drama,54,3,92
581,19,Drama,33,4,40
582,46,Documentary,81,1,70
583,27,Comedy,99,3,58
584,24,Comedy,54,1,94
585,19,Sci-Fi,8,4,70
586,47,Action,39,7,78
587,25,Drama,100,1,40
588,20,Drama,43,4,74
589,60,Kids,102,7,87
590,56,Comedy,19,1,63
591,41,Kids,70,6,79
592,27,Action,17,1,79
593,21,Kids,10,2,95
594,47,Romance,103,5,69
595,49,Kids,11,4,42
596,45,Romance,112,2,55
597,40,Documentary,9,3,80
598,39,Action,119,5,53
599,55,Drama,47,3,78
600,43,Romance,48,1,91
601,32,Kids,53,3,81
602,18,Kids,94,3,43
603,24,Action,78,5,56
604,18,Romance,7,3,82
605,30,Documentary,12,2,40
606,35,Comedy,59,4,46
607,28,Comedy,111,5,84
608,31,Romance,108,1,61
609,33,Horror,113,7,93
610,25,Kids,66,4,68
611,26,Documentary,24,1,77
612,34,Horror,30,2,74
613,35,Comedy,86,7,77
614,37,Kids,19,7,52
615,56,Horror,47,6,47
616,34,Documentary,54,1,79
617,34,Documentary,75,5,58
618,51,Horror,54,5,51
619,42,Drama,88,4,70
620,53,Sci-Fi,18,1,68
621,35,Kids,9,5,76
622,58,Horror,47,3,65
623,45,Horror,78,1,100
624,55,Comedy,29,2,98
625,27,Horror,92,6,93
626,45,Action,36,3,51
627,37,Horror,58,3,49
628,20,Comedy,107,3,92
629,50,Sci-Fi,59,2,64
630,44,Kids,73,5,54
631,53,Sci-Fi,46,7,46
632,23,Drama,36,2,81
633,46,Action,110,6,75
634,35,Drama,77,4,47
635,33,Romance,12,1,73
636,55,Action,78,2,43
637,48,Comedy,63,5,88
638,58,Documentary,115,6,91
639,57,Sci-Fi,18,7,86
640,48,Documentary,90,4,90
641,41,Documentary,61,2,76
642,46,Kids,106,6,95
643,41,Drama,5,7,100
644,19,Kids,104,6,81
645,32,Sci-Fi,16,6,82
646,41,Action,90,1,94
647,29,Drama,10,5,85
648,21,Drama,86,6,86
649,45,Sci-Fi,102,6,100
650,23,Drama,55,1,78
651,47,Action,38,5,81
652,51,Horror,98,3,95
653,57,Action,120,1,49
654,18,Romance,106,3,92
655,29,Romance,20,3,41
656,39,Action,8,2,78
657,36,Action,65,6,43
658,22,Documentary,67,1,94
659,40,Sci-Fi,38,7,99
660,39,Sci-Fi,45,1,87
661,60,Kids,30,7,100
662,43,Romance,64,4,95
663,18,Drama,7,3,56
664,47,Romance,27,4,90
665,19,Comedy,116,7,74
666,32,Comedy,91,7,79
667,43,Kids,63,1,71
668,49,Documentary,112,6,73
669,49,Sci-Fi,61,2,46
670,29,Documentary,113,5,82
671,58,Horror,104,4,83
672,21,Documentary,98,1,45
673,23,Comedy,94,6,70
674,36,Comedy,98,2,93
675,27,Comedy,84,5,57
676,33,Documentary,57,4,59
677,60,Horror,12,5,93
678,38,Romance,84,4,49
679,54,Sci-Fi,33,2,41
680,52,Documentary,40,1,66
681,49,Kids,51,1,50
682,36,Comedy,84,7,40
683,20,Comedy,36,7,71
684,46,Action,103,2,47
685,34,Horror,94,6,58
686,28,Documentary,96,5,47
687,19,Comedy,114,6,76
688,24,Documentary,87,6,75
689,31,Romance,105,3,66
690,51,Action,67,7,80
691,37,Horror,93,4,51
692,51,Documentary,57,2,52
693,41,Kids,76,5,87
694,22,Romance,106,5,43
695,42,Documentary,10,6,93
696,50,Documentary,53,6,91
697,33,Documentary,94,2,48
698,37,Comedy,24,1,44
699,35,Documentary,46,5,93
700,28,Kids,62,7,85
701,55,Sci-Fi,25,6,66
702,27,Action,114,3,78
703,37,Comedy,32,5,60
704,39,Documentary,71,6,94
705,54,Documentary,111,1,49
706,24,Kids,115,4,80
707,54,Comedy,51,4,87
708,29,Horror,33,2,41
709,25,Drama,81,1,82
710,44,Sci-Fi,52,1,91
711,41,Horror,29,2,99
712,49,Sci-Fi,75,6,91
713,33,Drama,86,5,72
714,44,Sci-Fi,44,3,55
715,48,Documentary,71,7,50
716,45,Action,44,5,98
717,18,Romance,100,6,70
718,41,Comedy,8,3,49
719,19,Horror,8,6,86
720,27,Kids,82,5,97
721,48,Sci-Fi,74,7,94
722,27,Drama,28,3,76
723,24,Romance,103,6,42
724,19,Comedy,10,1,99
725,38,Comedy,55,4,40
726,44,Comedy,43,1,85
727,35,Documentary,74,4,58
728,36,Kids,61,4,95
729,31,Kids,33,3,59
730,52,Action,21,6,97
731,40,Sci-Fi,68,3,70
732,56,Comedy,21,3,42
733,41,Drama,34,5,46
734,27,Drama,93,5,75
735,35,Kids,8,5,70
736,55,Kids,72,7,69
737,47,Romance,101,1,43
738,18,Horror,34,4,75
739,56,Drama,8,7,67
740,18,Sci-Fi,30,6,91
741,59,Comedy,41,6,45
742,18,Comedy,78,7,46
743,56,Action,114,7,84
744,37,Romance,8,5,43
745,30,Horror,14,7,57
746,28,Comedy,57,3,75
747,49,Romance,105,4,54
748,59,Action,52,2,41
749,41,Action,95,6,80
750,21,Comedy,63,5,79
751,24,Action,35,7,64
752,20,Sci-Fi,68,6,93
753,45,Sci-Fi,30,3,58
754,36,Comedy,57,6,56
755,57,Documentary,114,2,77
756,39,Kids,9,2,90
757,26,Action,73,6,93
758,45,Kids,27,4,49
759,22,Documentary,8,1,98
760,36,Kids,76,2,91
761,31,Kids,89,5,55
762,35,Horror,99,7,85
763,37,Drama,117,6,73
764,26,Romance,79,3,82
765,22,Horror,83,7,62
766,39,Horror,70,4,43
767,36,Action,19,5,77
768,33,Drama,65,4,45
769,58,Sci-Fi,41,3,70
770,45,Action,100,2,77
771,47,Romance,73,4,92
772,46,Comedy,114,7,60
773,24,Romance,106,3,52
774,27,Romance,11,5,94
775,35,Sci-Fi,23,2,50
776,21,Romance,112,3,72
777,37,Comedy,59,6,65
778,35,Drama,108,4,53
779,26,Drama,48,5,100
780,50,Drama,76,2,84
781,30,Horror,41,1,83
782,32,Sci-Fi,77,3,45
783,33,Documentary,108,4,78
784,54,Comedy,118,4,84
785,19,Romance,89,2,100
786,18,Kids,92,1,87
787,43,Kids,62,1,66
788,47,Romance,48,5,59
789,60,Romance,71,2,73
790,51,Horror,32,1,41
791,59,Drama,45,1,78
792,23,Action,51,3,44
793,45,Romance,68,2,84
794,60,Comedy,62,3,63
795,28,Documentary,77,4,82
796,24,Documentary,94,5,53
797,44,Romance,114,7,74
798,26,Kids,9,5,63
799,42,Comedy,54,5,73
800,18,Romance,34,3,98
801,23,Horror,119,5,58
802,33,Action,36,3,40
803,57,Documentary,22,4,41
804,55,Horror,75,7,53
805,28,Action,116,4,93
806,59,Kids,96,5,40
807,36,Documentary,112,6,72
808,30,Horror,24,2,68
809,47,Comedy,114,7,86
810,56,Documentary,35,2,59
811,25,Documentary,47,2,41
812,23,Comedy,30,5,73
813,52,Action,61,3,75
814,51,Romance,104,5,59
815,35,Documentary,26,6,86
816,59,Horror,49,5,70
817,22,Sci-Fi,20,5,66
818,32,Romance,15,3,55
819,42,Action,119,6,66
820,59,Comedy,66,6,71
821,35,Action,69,1,87
822,49,Action,16,5,80
823,40,Documentary,79,4,71
824,58,Horror,17,7,41
825,24,Romance,19,5,81
826,51,Drama,50,2,50
827,21,Horror,104,6,84
828,60,Sci-Fi,38,2,47
829,58,Comedy,62,7,96
830,20,Horror,109,5,63
831,52,Sci-Fi,85,3,76
832,28,Drama,82,2,62
833,55,Drama,91,4,51
834,59,Kids,106,6,99
835,31,Comedy,110,5,85
836,53,Horror,108,1,50
837,35,Drama,25,5,88
838,19,Documentary,104,1,85
839,20,Horror,79,5,98
840,41,Horror,89,5,97
841,19,Drama,90,5,83
842,28,Kids,62,3,83
843,47,Horror,18,5,41
844,26,Documentary,76,4,50
845,54,Horror,109,4,71
846,58,Action,73,4,96
847,53,Documentary,31,3,84
848,24,Documentary,48,6,68
849,36,Action,108,7,89
850,51,Romance,5,2,49
851,49,Horror,23,1,78
852,38,Horror,12,5,46
853,39,Drama,12,3,76
854,35,Horror,120,4,41
855,43,Kids,83,5,56
856,25,Comedy,25,7,51
857,58,Sci-Fi,112,7,96
858,29,Drama,56,2,68
859,57,Sci-Fi,20,1,43
860,22,Horror,105,4,87
861,43,Drama,70,1,73
862,37,Romance,18,4,50
863,29,Kids,78,5,57
864,55,Romance,110,4,92
865,42,Action,91,2,42
866,32,Drama,93,1,92
867,46,Drama,93,3,66
868,40,Drama,19,6,62
869,31,Sci-Fi,47,7,60
870,44,Romance,61,2,51
871,44,Horror,109,5,45
872,32,Kids,17,4,51
873,34,Comedy,86,3,61
874,39,Sci-Fi,63,5,43
875,53,Horror,95,2,42
876,57,Kids,60,7,54
877,49,Comedy,36,3,60
878,24,Kids,45,2,99
879,46,Horror,92,6,54
880,34,Romance,59,7,71
881,50,Kids,60,7,89
882,56,Kids,95,4,59
883,35,Romance,89,3,46
884,43,Documentary,81,4,95
885,46,Drama,38,5,48
886,31,Romance,30,2,62
887,18,Sci-Fi,28,3,91
888,57,Documentary,49,1,59
889,21,Sci-Fi,49,1,63
890,20,Comedy,25,7,93
891,19,Comedy,26,3,53
892,29,Drama,115,2,68
893,25,Sci-Fi,75,6,43
894,36,Horror,69,5,76
895,53,Kids,19,5,57
896,59,Horror,63,4,71
897,21,Documentary,73,7,49
898,60,Drama,23,3,82
899,30,Comedy,20,6,45
900,60,Drama,59,6,53
901,43,Documentary,52,5,75
902,50,Documentary,12,2,91
903,51,Sci-Fi,63,6,62
904,35,Horror,44,3,75
905,24,Romance,67,4,65
906,48,Romance,113,5,97
907,32,Sci-Fi,13,2,43
908,60,Drama,26,5,51
909,35,Romance,63,1,87
910,51,Comedy,49,6,86
911,47,Documentary,95,2,54
912,29,Documentary,33,1,55
913,32,Drama,64,7,62
914,30,Documentary,117,3,42
915,45,Kids,56,7,87
916,22,Romance,67,6,62
917,46,Comedy,118,2,57
918,50,Documentary,119,3,53
919,53,Romance,42,4,76
920,46,Comedy,92,1,71
921,25,Sci-Fi,64,2,96
922,58,Romance,57,3,77
923,54,Comedy,39,4,63
924,38,Comedy,52,5,62
925,27,Drama,95,1,50
926,44,Documentary,108,6,65
927,51,Kids,16,7,86
928,19,Comedy,63,7,84
929,45,Horror,103,1,79
930,20,Horror,29,1,78
931,40,Horror,5,3,62
932,38,Drama,5,3,83
933,25,Romance,73,2,51
934,23,Documentary,106,4,51
935,29,Romance,62,7,66
936,25,Horror,51,2,45
937,38,Action,23,4,50
938,24,Romance,75,5,46
939,39,Documentary,61,5,94
940,39,Romance,63,5,50
941,55,Horror,111,5,85
942,30,Comedy,94,7,56
943,24,Romance,44,7,42
944,24,Romance,5,3,72
945,26,Sci-Fi,19,4,91
946,24,Action,26,1,63
947,54,Kids,65,5,78
948,32,Drama,39,4,93
949,38,Comedy,88,7,83
950,32,Action,7,7,41
951,46,Sci-Fi,101,5,71
952,32,Kids,24,3,85
953,51,Horror,90,6,86
954,19,Drama,71,7,64
955,60,Drama,76,3,53
956,55,Drama,106,2,42
957,19,Sci-Fi,46,6,99
958,54,Horror,97,7,70
959,48,Sci-Fi,98,6,95
960,30,Horror,120,5,59
961,29,Comedy,113,1,95
962,45,Drama,64,2,53
963,34,Sci-Fi,86,2,81
964,55,Comedy,76,1,71
965,39,Comedy,71,5,93
966,33,Horror,96,4,79
967,29,Kids,23,6,50
968,40,Kids,59,5,88
969,25,Comedy,32,7,59
970,51,Documentary,74,5,90
971,55,Comedy,91,4,79
972,46,Sci-Fi,96,3,57
973,59,Horror,38,7,98
974,29,Documentary,75,1,44
975,27,Romance,90,6,88
976,44,Drama,55,3,90
977,45,Sci-Fi,31,7,46
978,35,Sci-Fi,53,2,60
979,46,Comedy,82,1,75
980,32,Horror,112,1,71
981,52,Kids,100,3,73
982,23,Comedy,5,5,96
983,54,Sci-Fi,98,3,75
984,33,Comedy,62,1,62
985,42,Sci-Fi,45,3,98
986,34,Action,77,3,64
987,21,Horror,51,6,67
988,23,Kids,96,6,99
989,53,Documentary,80,6,84
990,25,Horror,97,2,86
991,26,Comedy,12,3,75
992,32,Documentary,64,6,80
993,30,Horror,6,1,90
994,38,Action,22,7,43
995,38,Sci-Fi,35,4,93
996,49,Romance,23,1,60
997,32,Horror,118,5,59
998,34,Comedy,11,2,83
999,30,Sci-Fi,56,4,89
1000,49,Sci-Fi,8,3,61
1001,40,Drama,99,7,78
1002,49,Comedy,35,4,77
1003,46,Sci-Fi,105,4,68
1004,36,Comedy,90,6,50
1005,56,Comedy,107,6,73
1006,55,Romance,109,7,94
1007,21,Drama,101,3,93
1008,42,Comedy,51,4,78
1009,21,Action,77,4,78
1010,58,Kids,101,5,41
1011,31,Kids,99,2,51
1012,40,Kids,21,6,69
1013,38,Kids,110,6,97
1014,42,Romance,83,3,83
1015,56,Drama,33,3,89
1016,53,Comedy,33,1,82
1017,35,Documentary,60,5,72
1018,26,Sci-Fi,90,5,100
1019,28,Kids,34,6,43
1020,41,Comedy,99,1,69
1021,31,Comedy,25,3,85
1022,45,Romance,12,2,64
1023,38,Comedy,117,6,68
1024,34,Comedy,78,6,95
1025,60,Drama,48,5,63
1026,55,Sci-Fi,46,2,44
1027,54,Romance,6,4,48
1028,46,Romance,15,1,71
1029,52,Romance,83,6,59
1030,19,Kids,23,3,40
1031,26,Documentary,86,6,51
1032,25,Drama,25,3,46
1033,41,Drama,29,3,48
1034,36,Horror,87,7,40
1035,23,Comedy,46,7,98
1036,42,Action,16,5,47
1037,56,Sci-Fi,114,5,43
1038,56,Documentary,26,6,66
1039,56,Comedy,114,7,62
1040,25,Kids,93,2,77
1041,25,Kids,107,7,64
1042,37,Drama,54,5,83
1043,34,Comedy,40,1,91
1044,42,Romance,23,4,95
1045,24,Drama,64,2,62
1046,19,Sci-Fi,65,5,51
1047,22,Horror,29,1,72
1048,60,Sci-Fi,31,2,42
1049,33,Horror,36,3,71
1050,31,Comedy,57,2,64
1051,42,Drama,55,3,85
1052,46,Kids,16,4,43
1053,19,Kids,37,5,100
1054,27,Action,18,3,76
1055,38,Drama,98,2,94
1056,35,Documentary,76,2,56
1057,48,Comedy,56,6,48
1058,28,Romance,50,3,74
1059,33,Kids,41,7,80
1060,52,Documentary,23,6,83
1061,31,Kids,61,5,92
1062,60,Romance,88,7,79
1063,50,Kids,83,7,49
1064,23,Action,78,1,44
1065,32,Sci-Fi,99,2,87
1066,52,Romance,77,5,77
1067,24,Romance,7,2,91
1068,27,Romance,111,1,89
1069,28,Comedy,58,2,91
1070,26,Drama,20,1,66
1071,57,Kids,99,6,49
1072,49,Horror,49,4,41
1073,26,Comedy,28,7,64
1074,31,Drama,120,1,44
1075,39,Sci-Fi,39,1,64
1076,44,Action,74,3,92
1077,57,Drama,57,5,54
1078,52,Sci-Fi,52,3,94
1079,52,Romance,37,6,57
1080,22,Romance,32,1,94
1081,19,Drama,107,2,64
1082,43,Kids,111,2,80
1083,49,Kids,66,5,97
1084,20,Documentary,28,4,70
1085,43,Romance,77,1,91
1086,21,Sci-Fi,62,3,84
1087,56,Kids,26,4,45
1088,30,Drama,34,4,69
1089,45,Drama,42,5,90
1090,27,Kids,102,1,56
1091,29,Horror,79,2,63
1092,56,Comedy,63,2,96
1093,55,Documentary,18,5,76
1094,54,Romance,115,3,56
1095,39,Drama,12,3,76
1096,58,Action,51,5,51
1097,50,Kids,118,6,96
1098,48,Sci-Fi,39,5,65
1099,25,Horror,115,4,83
1100,49,Romance,114,5,89
1101,52,Sci-Fi,95,7,52
1102,55,Kids,67,1,68
1103,41,Drama,40,6,62
1104,59,Horror,47,2,91
1105,42,Horror,64,6,89
1106,19,Kids,72,7,92
1107,55,Kids,9,7,53
1108,58,Kids,29,3,97
1109,43,Romance,69,4,88
1110,35,Horror,62,2,69
1111,31,Horror,99,2,46
1112,24,Documentary,83,2,57
1113,25,Action,42,2,85
1114,23,Drama,118,3,62
1115,20,Sci-Fi,108,5,41
1116,18,Romance,102,2,98
1117,59,Romance,87,7,40
1118,18,Romance,98,4,72
1119,42,Drama,60,5,93
1120,44,Kids,84,6,65
1121,48,Documentary,22,7,93
1122,52,Comedy,72,5,79
1123,28,Documentary,67,1,76
1124,31,Drama,118,5,91
1125,45,Documentary,108,7,54
1126,35,Drama,115,7,57
1127,54,Horror,84,3,44
1128,35,Sci-Fi,8,3,87
1129,29,Drama,6,2,61
1130,28,Sci-Fi,37,1,96
1131,25,Horror,26,2,77
1132,49,Sci-Fi,7,7,47
1133,42,Sci-Fi,103,7,67
1134,46,Documentary,30,6,49
1135,57,Documentary,96,6,57
1136,44,Action,103,2,81
1137,27,Drama,89,1,99
1138,29,Action,41,2,82
1139,60,Sci-Fi,82,7,84
1140,31,Documentary,95,6,42
1141,56,Comedy,36,1,50
1142,47,Action,48,2,87
1143,58,Comedy,63,7,92
1144,43,Documentary,53,6,86
1145,36,Kids,58,4,49
1146,24,Action,115,7,94
1147,49,Romance,83,1,91
1148,38,Horror,47,4,60
1149,30,Comedy,27,2,83
1150,29,Comedy,68,7,85
1151,59,Horror,15,4,51
1152,54,Sci-Fi,120,2,56
1153,55,Horror,82,4,72
1154,43,Kids,69,6,79
1155,20,Romance,113,6,75
1156,44,Drama,8,5,56
1157,31,Romance,109,1,91
1158,44,Drama,34,2,50
1159,46,Sci-Fi,94,7,62
1160,47,Sci-Fi,28,5,49
1161,40,Sci-Fi,64,6,74
1162,37,Kids,84,4,60
1163,43,Documentary,52,6,58
1164,24,Kids,90,4,56
1165,34,Action,35,7,82
1166,19,Drama,91,2,54
1167,58,Romance,29,4,88
1168,43,Drama,23,4,80
1169,21,Romance,104,3,79
1170,28,Sci-Fi,77,1,50
1171,54,Romance,13,6,64
1172,25,Romance,95,5,49
1173,38,Action,115,4,97
1174,32,Action,37,7,76
1175,39,Romance,12,2,72
1176,53,Comedy,98,2,92
1177,24,Comedy,58,3,81
1178,50,Comedy,66,4,49
1179,44,Comedy,112,2,72
1180,58,Drama,82,2,46
1181,28,Sci-Fi,25,5,89
1182,19,Kids,65,6,40
1183,41,Kids,20,5,57
1184,21,Comedy,84,1,43
1185,23,Documentary,49,3,51
1186,32,Comedy,21,2,70
1187,53,Documentary,86,1,62
1188,21,Kids,23,3,51
1189,58,Comedy,15,6,53
1190,45,Romance,93,3,67
1191,36,Sci-Fi,44,1,41
1192,29,Sci-Fi,74,2,46
1193,28,Romance,68,1,78
1194,37,Kids,31,5,94
1195,20,Documentary,70,2,64
1196,24,Horror,37,4,69
1197,49,Comedy,89,3,66
1198,20,Horror,104,7,91
1199,48,Action,52,7,60
1200,54,Kids,63,5,58
1201,46,Documentary,108,5,83
1202,42,Documentary,37,5,42
1203,24,Horror,73,6,48
1204,44,Documentary,97,6,77
1205,59,Action,93,6,59
1206,39,Documentary,72,3,43
1207,55,Romance,71,7,52
1208,45,Documentary,89,3,41
1209,24,Comedy,6,5,65
1210,42,Documentary,87,2,45
1211,50,Action,50,2,63
1212,39,Sci-Fi,54,5,71
1213,49,Kids,36,4,100
1214,23,Action,108,3,56
1215,60,Sci-Fi,114,6,85
1216,18,Action,45,5,66
1217,22,Horror,14,4,94
1218,24,Documentary,14,6,54
1219,50,Action,90,5,58
1220,58,Romance,27,5,88
1221,41,Comedy,77,4,41
1222,36,Documentary,99,1,69
1223,39,Horror,98,6,99
1224,25,Documentary,120,5,81
1225,56,Romance,112,5,77
1226,40,Romance,31,3,72
1227,57,Horror,14,5,59
1228,45,Sci-Fi,45,1,78
1229,38,Action,88,7,62
1230,44,Kids,23,4,41
1231,60,Horror,47,2,98
1232,54,Documentary,21,3,69
1233,27,Horror,11,6,66
1234,53,Action,25,7,42
1235,22,Action,64,7,90
1236,47,Sci-Fi,77,6,82
1237,54,Documentary,108,2,65
1238,49,Action,7,7,55
1239,40,Comedy,42,6,58
1240,28,Romance,96,7,94
1241,19,Horror,68,3,88
1242,19,Comedy,67,3,47
1243,42,Action,31,5,62
1244,35,Kids,80,1,74
1245,32,Kids,89,3,72
1246,57,Kids,117,5,62
1247,25,Documentary,7,6,77
1248,37,Romance,29,4,78
1249,32,Sci-Fi,6,4,42
1250,46,Kids,22,1,45
1251,48,Kids,12,6,63
1252,46,Romance,114,2,84
1253,54,Kids,83,3,86
1254,19,Kids,111,5,55
1255,56,Documentary,5,7,56
1256,21,Kids,10,2,81
1257,38,Sci-Fi,114,6,96
1258,25,Romance,11,1,48
1259,40,Drama,14,7,69
1260,35,Comedy,51,5,93
1261,47,Documentary,48,6,53
1262,28,Horror,118,6,76
1263,47,Comedy,110,5,96
1264,51,Horror,118,2,83
1265,40,Sci-Fi,35,6,69
1266,51,Documentary,59,1,51
1267,27,Sci-Fi,104,1,66
1268,22,Kids,31,7,42
1269,55,Documentary,97,4,49
1270,18,Comedy,33,6,92
1271,35,Sci-Fi,110,5,71
1272,58,Horror,31,1,63
1273,24,Documentary,24,6,71
1274,52,Horror,13,2,98
1275,54,Drama,48,4,52
1276,24,Horror,93,7,69
1277,27,Sci-Fi,30,4,65
1278,31,Sci-Fi,30,1,57
1279,18,Horror,54,5,75
1280,46,Documentary,58,6,76
1281,33,Documentary,38,1,86
1282,37,Documentary,26,4,96
1283,58,Sci-Fi,14,1,68
1284,60,Drama,46,7,98
1285,52,Documentary,16,2,62
1286,30,Horror,62,1,63
1287,24,Documentary,43,5,59
1288,44,Action,81,1,89
1289,27,Sci-Fi,28,6,67
1290,57,Romance,40,1,61
1291,24,Documentary,45,4,91
1292,28,Romance,119,7,74
1293,18,Kids,90,3,73
1294,53,Documentary,76,1,92
1295,32,Documentary,43,4,88
1296,38,Romance,100,4,80
1297,51,Kids,5,4,44
1298,33,Horror,71,3,66
1299,22,Kids,33,2,50
1300,28,Comedy,9,6,54
1301,48,Drama,76,6,72
1302,60,Sci-Fi,26,3,98
1303,56,Romance,118,2,76
1304,26,Romance,110,4,44
1305,37,Kids,16,6,72
1306,54,Documentary,12,5,84
1307,23,Documentary,119,5,83
1308,21,Romance,22,3,76
1309,42,Sci-Fi,64,5,73
1310,19,Documentary,32,2,79
1311,34,Documentary,90,1,42
1312,55,Kids,45,5,54
1313,39,Sci-Fi,86,6,77
1314,26,Comedy,65,2,72
1315,38,Horror,103,3,100
1316,47,Sci-Fi,88,4,53
1317,55,Sci-Fi,66,5,60
1318,20,Comedy,77,3,79
1319,48,Sci-Fi,75,3,54
1320,58,Action,72,6,57
1321,55,Action,28,4,74
1322,40,Romance,25,3,72
1323,52,Horror,28,6,87
1324,49,Horror,53,5,72
1325,18,Horror,12,7,55
1326,48,Romance,26,7,100
1327,23,Kids,23,7,41
1328,29,Documentary,89,4,84
1329,55,Kids,41,3,43
1330,21,Action,18,6,96
1331,47,Action,67,4,86
1332,24,Sci-Fi,97,2,93
1333,51,Kids,33,3,55
1334,23,Documentary,78,2,67
1335,33,Horror,17,4,90
1336,37,Drama,87,3,81
1337,22,Drama,21,1,50
1338,59,Romance,103,3,92
1339,44,Drama,53,2,63
1340,24,Action,47,7,91
1341,19,Horror,89,2,100
1342,39,Action,64,1,59
1343,30,Kids,33,3,61
1344,18,Documentary,59,2,86
1345,46,Drama,111,7,41
1346,53,Horror,102,4,45
1347,40,Kids,20,1,47
1348,36,Comedy,60,4,53
1349,40,Drama,101,2,79
1350,57,Comedy,52,2,58
1351,40,Sci-Fi,95,5,82
1352,26,Action,97,1,75
1353,31,Comedy,14,7,70
1354,35,Horror,69,6,84
1355,60,Comedy,44,2,46
1356,57,Horror,16,3,49
1357,41,Comedy,78,2,45
1358,35,Kids,70,5,93
1359,33,Action,13,3,81
1360,45,Romance,17,2,60
1361,29,Kids,78,3,42
1362,60,Sci-Fi,29,2,99
1363,55,Horror,24,5,54
1364,49,Drama,95,1,82
1365,35,Drama,113,1,47
1366,55,Kids,53,7,47
1367,31,Sci-Fi,22,3,65
1368,56,Comedy,92,3,46
1369,49,Romance,97,1,81
1370,37,Comedy,112,5,51
1371,22,Horror,108,1,97
1372,51,Romance,17,5,63
1373,37,Action,62,2,58
1374,27,Horror,30,2,48
1375,44,Drama,40,1,59
1376,43,Documentary,80,1,84
1377,20,Documentary,16,2,45
1378,55,Kids,42,6,69
1379,52,Documentary,46,7,68
1380,45,Documentary,89,4,65
1381,21,Documentary,28,1,64
1382,42,Romance,41,1,45
1383,39,Action,16,1,81
1384,41,Drama,31,6,75
1385,21,Sci-Fi,27,5,72
1386,40,Drama,91,2,52
1387,22,Drama,41,4,56
1388,34,Romance,21,2,99
1389,36,Romance,41,1,98
1390,36,Comedy,53,4,72
1391,54,Comedy,86,6,93
1392,38,Drama,22,6,62
1393,32,Sci-Fi,68,1,42
1394,48,Sci-Fi,111,2,72
1395,59,Horror,29,3,57
1396,51,Kids,11,7,50
1397,41,Action,85,4,59
1398,56,Action,116,7,61
1399,41,Romance,110,6,75
1400,52,Drama,45,5,85
1401,23,Horror,19,2,41
1402,48,Drama,87,5,48
1403,41,Documentary,79,1,85
1404,23,Romance,90,2,80
1405,25,Action,11,7,49
1406,39,Romance,64,1,53
1407,45,Kids,110,7,86
1408,54,Comedy,10,3,56
1409,42,Documentary,20,1,56
1410,33,Romance,16,4,60
1411,38,Documentary,55,3,57
1412,33,Kids,28,1,85
1413,30,Documentary,34,2,48
1414,28,Drama,7,3,95
1415,31,Romance,39,7,67
1416,44,Drama,85,2,62
1417,45,Action,69,1,71
1418,42,Action,57,1,97
1419,42,Drama,73,6,73
1420,52,Kids,104,7,76
1421,55,Action,115,7,67
1422,36,Sci-Fi,79,3,51
1423,30,Documentary,67,7,86
1424,35,Documentary,35,1,60
1425,34,Horror,58,2,75
1426,52,Action,79,6,54
1427,28,Romance,104,2,73
1428,44,Sci-Fi,82,2,49
1429,41,Horror,72,5,96
1430,55,Action,93,2,69
1431,42,Sci-Fi,100,6,74
1432,45,Documentary,45,6,73
1433,46,Romance,38,2,77
1434,34,Romance,6,2,88
1435,58,Drama,16,5,89
1436,36,Romance,47,3,79
1437,28,Kids,5,4,78
1438,49,Sci-Fi,34,4,46
1439,59,Drama,118,7,90
1440,31,Kids,47,4,40
1441,22,Drama,37,4,43
1442,36,Comedy,74,3,73
1443,54,Sci-Fi,100,2,71
1444,21,Documentary,85,6,78
1445,58,Sci-Fi,54,4,57
1446,30,Comedy,12,4,44
1447,60,Romance,14,5,49
1448,24,Sci-Fi,58,3,44
1449,18,Action,47,2,58
1450,46,Horror,99,3,60
1451,23,Kids,37,7,88
1452,27,Kids,36,1,90
1453,22,Horror,91,1,41
1454,36,Horror,22,5,48
1455,49,Action,72,6,66
1456,36,Romance,46,5,49
1457,39,Kids,29,1,66
1458,29,Documentary,42,5,41
1459,33,Romance,83,3,97
1460,35,Kids,97,6,84
1461,45,Sci-Fi,44,1,62
1462,47,Sci-Fi,91,6,62
1463,39,Drama,45,6,78
1464,53,Kids,90,6,49
1465,44,Drama,11,6,96
1466,54,Kids,14,7,87
1467,30,Romance,5,2,78
1468,26,Documentary,13,4,81
1469,56,Comedy,85,4,91
1470,40,Romance,40,3,98
1471,47,Comedy,71,2,60
1472,36,Horror,48,4,51
1473,58,Action,92,4,75
1474,42,Romance,120,6,73
1475,31,Romance,46,6,58
1476,21,Sci-Fi,114,3,60
1477,39,Kids,88,6,42
1478,19,Sci-Fi,67,4,95
1479,25,Documentary,49,4,79
1480,44,Horror,42,4,74
1481,37,Drama,87,6,97
1482,26,Horror,17,4,45
1483,42,Horror,88,7,83
1484,50,Romance,38,2,53
1485,20,Romance,79,1,85
1486,56,Drama,68,2,100
1487,50,Comedy,56,3,56
1488,49,Romance,102,2,82
1489,18,Kids,46,2,50
1490,42,Romance,6,2,74
1491,46,Documentary,69,1,71
1492,52,Comedy,70,3,43
1493,43,Sci-Fi,32,5,67
1494,29,Horror,55,1,47
1495,26,Horror,119,2,90
1496,57,Romance,115,6,60
1497,33,Comedy,65,2,60
1498,50,Comedy,30,3,71
1499,42,Romance,30,7,87
1500,59,Comedy,16,1,99
1501,56,Comedy,33,2,66
1502,51,Horror,113,4,65
1503,47,Sci-Fi,95,3,65
1504,60,Action,102,1,61
1505,24,Drama,64,2,73
1506,41,Comedy,30,6,56
1507,42,Kids,21,6,54
1508,45,Action,66,4,44
1509,25,Horror,77,7,56
1510,43,Comedy,59,7,72
1511,18,Kids,46,4,54
1512,36,Romance,51,7,62
1513,43,Action,74,2,65
1514,19,Romance,21,7,95
1515,55,Horror,76,3,95
1516,21,Horror,36,7,63
1517,28,Action,117,2,43
1518,54,Romance,44,3,94
1519,56,Documentary,109,2,99
1520,57,Drama,9,4,73
1521,23,Horror,52,1,79
1522,40,Drama,22,2,80
1523,58,Horror,100,4,73
1524,39,Drama,29,6,61
1525,43,Horror,102,6,67
1526,45,Romance,30,7,70
1527,39,Comedy,59,6,90
1528,26,Documentary,48,6,88
1529,40,Documentary,87,6,66
1530,23,Romance,114,5,84
1531,32,Comedy,75,6,63
1532,24,Kids,33,3,72
1533,42,Drama,113,4,77
1534,21,Kids,59,6,45
1535,49,Horror,45,3,65
1536,48,Romance,51,3,68
1537,31,Sci-Fi,89,1,88
1538,25,Comedy,118,2,52
1539,39,Documentary,15,2,45
1540,31,Kids,43,6,81
1541,56,Drama,87,2,94
1542,18,Sci-Fi,95,1,99
1543,60,Documentary,47,1,56
1544,47,Documentary,98,2,51
1545,33,Kids,107,7,97
1546,42,Drama,7,4,90
1547,26,Horror,34,3,96
1548,21,Romance,14,5,78
1549,21,Comedy,43,1,99
1550,32,Drama,45,4,100
1551,48,Documentary,9,2,77
1552,33,Documentary,109,3,61
1553,41,Sci-Fi,103,3,73
1554,48,Kids,26,5,99
1555,50,Drama,98,2,53
1556,54,Action,27,4,45
1557,50,Action,61,7,93
1558,52,Documentary,62,2,44
1559,18,Kids,87,6,47
1560,25,Action,76,7,79
1561,57,Romance,59,1,42
1562,51,Drama,52,7,67
1563,56,Sci-Fi,30,2,81
1564,59,Kids,40,6,53
1565,22,Horror,59,1,55
1566,45,Documentary,100,2,94
1567,28,Comedy,26,4,96
1568,49,Kids,24,4,60
1569,23,Sci-Fi,38,7,97
1570,56,Documentary,101,6,92
1571,30,Documentary,31,4,52
1572,36,Sci-Fi,35,4,90
1573,23,Comedy,19,7,88
1574,40,Action,88,2,55
1575,48,Action,67,5,51
1576,51,Action,100,4,70
1577,32,Sci-Fi,86,2,40
1578,44,Documentary,77,7,53
1579,43,Romance,21,5,67
1580,36,Kids,106,4,71
1581,26,Drama,66,1,91
1582,27,Horror,110,7,64
1583,18,Kids,89,6,68
1584,46,Documentary,33,4,90
1585,28,Documentary,115,4,46
1586,32,Kids,78,2,55
1587,38,Comedy,80,3,88
1588,42,Sci-Fi,56,6,56
1589,34,Sci-Fi,9,3,53
1590,51,Kids,98,1,95
1591,32,Documentary,33,2,61
1592,44,Documentary,62,1,87
1593,40,Romance,103,7,56
1594,40,Action,46,3,86
1595,55,Romance,9,7,66
1596,47,Action,38,4,77
1597,58,Kids,113,6,71
1598,24,Drama,106,2,59
1599,29,Kids,104,4,75
1600,31,Documentary,89,5,49
1601,32,Action,14,5,48
1602,31,Drama,101,1,54
1603,35,Documentary,73,1,65
1604,34,Comedy,64,5,89
1605,45,Drama,69,3,96
1606,46,Documentary,44,1,53
1607,26,Sci-Fi,5,5,87
1608,38,Documentary,7,5,64
1609,32,Horror,37,2,52
1610,18,Comedy,62,5,69
1611,32,Comedy,28,4,54
1612,36,Drama,39,6,81
1613,28,Action,94,1,77
1614,21,Comedy,21,5,100
1615,32,Drama,51,2,79
1616,22,Kids,28,7,100
1617,54,Kids,82,3,56
1618,26,Kids,45,3,78
1619,29,Kids,57,7,52
1620,44,Documentary,85,2,53
1621,31,Horror,96,2,46
1622,23,Horror,37,3,51
1623,28,Horror,110,5,75
1624,38,Sci-Fi,37,4,87
1625,52,Comedy,12,1,54
1626,22,Sci-Fi,31,3,87
1627,22,Sci-Fi,29,6,92
1628,53,Comedy,101,4,77
1629,58,Romance,94,4,100
1630,49,Comedy,100,1,41
1631,29,Documentary,52,5,53
1632,39,Comedy,46,7,91
1633,49,Horror,20,1,70
1634,48,Drama,57,6,77
1635,24,Comedy,20,5,47
1636,18,Sci-Fi,106,1,43
1637,40,Action,95,1,90
1638,33,Romance,73,7,81
1639,47,Action,23,3,61
1640,36,Kids,35,2,81
1641,44,Romance,87,1,69
1642,47,Comedy,65,1,46
1643,55,Kids,24,2,76
1644,39,Romance,34,3,56
1645,48,Comedy,58,4,69
1646,55,Drama,8,3,57
1647,39,Horror,108,4,77
1648,58,Drama,97,7,100
1649,30,Comedy,27,6,44
1650,39,Drama,51,1,47
1651,26,Kids,17,2,66
1652,39,Documentary,110,6,45
1653,58,Horror,45,2,77
1654,30,Documentary,15,5,47
1655,29,Kids,64,3,46
1656,46,Horror,107,6,68
1657,45,Action,95,2,54
1658,59,Comedy,54,5,93
1659,43,Action,61,6,91
1660,50,Romance,49,1,57
1661,60,Documentary,110,4,47
1662,41,Comedy,104,2,56
1663,55,Sci-Fi,14,6,59
1664,45,Action,35,7,41
1665,48,Comedy,45,1,59
1666,51,Horror,81,6,59
1667,56,Kids,76,5,97
1668,52,Romance,64,5,95
1669,31,Comedy,112,1,44
1670,58,Romance,41,4,91
1671,34,Documentary,55,1,81
1672,43,Romance,108,2,55
1673,46,Documentary,115,5,63
1674,26,Documentary,68,1,64
1675,20,Drama,12,1,53
1676,23,Kids,27,4,57
1677,54,Sci-Fi,83,4,86
1678,59,Sci-Fi,96,2,40
1679,36,Documentary,38,3,99
1680,24,Comedy,33,6,78
1681,24,Sci-Fi,22,2,91
1682,57,Documentary,31,1,71
1683,52,Horror,23,1,68
1684,38,Drama,82,2,60
1685,37,Sci-Fi,71,5,65
1686,38,Romance,56,7,41
1687,45,Documentary,93,2,53
1688,43,Documentary,49,7,50
1689,34,Romance,16,4,71
1690,25,Drama,45,7,48
1691,22,Action,115,6,100
1692,43,Kids,82,3,82
1693,29,Action,33,5,82
1694,47,Romance,15,5,60
1695,32,Drama,59,1,54
1696,26,Comedy,59,5,78
1697,48,Action,23,4,78
1698,48,Romance,77,6,40
1699,44,Comedy,13,7,66
1700,35,Kids,80,7,65
1701,22,Romance,83,2,51
1702,25,Kids,75,3,74
1703,56,Kids,15,1,86
1704,36,Comedy,16,7,40
1705,29,Kids,48,5,49
1706,58,Comedy,12,1,58
1707,31,Sci-Fi,46,4,55
1708,38,Documentary,52,2,93
1709,30,Action,106,6,52
1710,20,Sci-Fi,72,6,95
1711,48,Sci-Fi,118,2,67
1712,41,Drama,108,5,51
1713,44,Action,20,5,77
1714,31,Horror,74,2,61
1715,35,Documentary,115,5,60
1716,26,Kids,99,5,83
1717,53,Action,82,2,90
1718,23,Documentary,117,3,92
1719,58,Drama,25,5,73
1720,34,Sci-Fi,8,3,99
1721,50,Romance,62,3,95
1722,31,Action,40,3,53
1723,44,Action,69,1,42
1724,38,Kids,55,2,80
1725,52,Horror,87,4,51
1726,30,Kids,104,1,46
1727,57,Kids,78,3,99
1728,26,Kids,22,1,98
1729,25,Comedy,20,3,44
1730,49,Documentary,72,4,56
1731,42,Documentary,116,7,46
1732,25,Sci-Fi,108,1,59
1733,60,Drama,89,2,66
1734,42,Comedy,94,2,97
1735,56,Sci-Fi,44,1,94
1736,31,Kids,13,7,84
1737,45,Drama,73,7,66
1738,40,Drama,44,4,75
1739,22,Kids,60,3,75
1740,58,Kids,37,7,47
1741,52,Comedy,12,6,75
1742,33,Sci-Fi,102,1,42
1743,46,Horror,105,1,90
1744,59,Romance,44,1,64
1745,54,Horror,102,7,64
1746,39,Horror,117,5,73
1747,31,Action,60,3,86
1748,20,Comedy,98,3,84
1749,26,Horror,30,6,62
1750,23,Sci-Fi,68,3,47
1751,33,Comedy,7,5,63
1752,49,Sci-Fi,58,4,59
1753,53,Drama,56,7,51
1754,49,Documentary,29,6,86
1755,18,Sci-Fi,115,6,85
1756,24,Sci-Fi,73,7,97
1757,34,Comedy,88,4,71
1758,29,Documentary,87,4,82
1759,25,Romance,93,4,90
1760,30,Comedy,84,2,70
1761,23,Sci-Fi,17,1,70
1762,24,Kids,81,6,76
1763,37,Action,48,5,94
1764,22,Sci-Fi,76,3,47
1765,28,Documentary,18,4,66
1766,29,Comedy,54,2,54
1767,55,Drama,63,7,51
1768,26,Comedy,82,5,69
1769,42,Kids,15,4,73
1770,44,Sci-Fi,91,3,41
1771,33,Action,83,1,70
1772,48,Horror,48,6,72
1773,58,Drama,57,3,77
1774,45,Romance,56,1,77
1775,59,Drama,81,5,40
1776,26,Romance,14,4,79
1777,53,Documentary,47,3,96
1778,46,Action,25,5,76
1779,50,Kids,42,3,65
1780,55,Sci-Fi,101,3,47
1781,32,Documentary,64,2,90
1782,26,Romance,107,3,58
1783,56,Comedy,94,3,41
1784,22,Horror,47,1,62
1785,35,Romance,93,7,77
1786,33,Romance,98,2,42
1787,42,Kids,12,4,57
1788,35,Comedy,91,4,57
1789,25,Drama,17,7,78
1790,35,Romance,11,2,44
1791,58,Romance,109,3,65
1792,32,Sci-Fi,90,6,46
1793,60,Action,18,1,42
1794,50,Kids,41,4,49
1795,35,Kids,103,6,91
1796,56,Romance,57,1,67
1797,35,Romance,94,3,70
1798,59,Drama,28,3,81
1799,37,Sci-Fi,22,3,50
1800,21,Romance,117,4,79
1801,19,Romance,11,7,91
1802,24,Horror,18,3,60
1803,21,Horror,101,3,57
1804,47,Comedy,61,1,65
1805,36,Romance,9,3,46
1806,54,Action,105,3,64
1807,38,Romance,94,5,93
1808,41,Action,45,7,70
1809,18,Documentary,6,6,87
1810,22,Horror,119,4,51
1811,54,Sci-Fi,47,5,83
1812,45,Documentary,71,5,73
1813,50,Comedy,102,2,66
1814,52,Kids,50,6,52
1815,56,Comedy,98,7,94
1816,37,Sci-Fi,58,7,43
1817,21,Horror,44,6,47
1818,46,Kids,96,6,60
1819,20,Horror,43,5,56
1820,52,Documentary,104,2,77
1821,40,Comedy,68,3,71
1822,49,Romance,43,6,78
1823,60,Documentary,75,6,83
1824,59,Horror,22,3,91
1825,41,Action,76,4,51
1826,49,Action,47,3,95
1827,25,Sci-Fi,8,1,44
1828,34,Drama,105,7,94
1829,39,Documentary,107,5,97
1830,37,Sci-Fi,13,6,90
1831,36,Action,110,7,68
1832,51,Action,43,6,79
1833,21,Action,96,5,64
1834,42,Romance,97,6,90
1835,51,Horror,81,2,47
1836,56,Sci-Fi,79,2,49
1837,35,Action,92,6,83
1838,38,Documentary,33,6,42
1839,28,Drama,103,5,81
1840,40,Documentary,91,1,94
1841,43,Horror,116,6,99
1842,18,Romance,9,1,76
1843,53,Comedy,120,3,82
1844,46,Horror,35,3,92
1845,30,Kids,32,6,70
1846,54,Romance,66,1,80
1847,46,Comedy,23,3,48
1848,43,Kids,64,2,54
1849,21,Action,19,7,63
1850,19,Sci-Fi,72,1,70
1851,35,Comedy,79,2,57
1852,26,Horror,106,2,100
1853,36,Drama,15,7,69
1854,34,Comedy,87,4,66
1855,45,Kids,22,1,78
1856,34,Romance,79,5,83
1857,27,Horror,90,4,91
1858,23,Comedy,100,6,95
1859,38,Documentary,66,3,42
1860,44,Horror,94,3,71
1861,48,Drama,62,7,56
1862,18,Action,72,6,75
1863,25,Kids,53,5,89
1864,39,Comedy,54,4,59
1865,35,Comedy,44,1,62
1866,24,Kids,8,6,87
1867,56,Kids,114,1,62
1868,26,Drama,80,2,61
1869,58,Documentary,78,5,53
1870,20,Kids,58,3,40
1871,25,Comedy,72,5,100
1872,27,Romance,36,2,56
1873,34,Sci-Fi,106,3,93
1874,45,Comedy,5,3,72
1875,59,Romance,8,7,67
1876,24,Drama,110,5,83
1877,21,Comedy,78,1,67
1878,37,Drama,93,1,53
1879,26,Sci-Fi,23,7,100
1880,59,Horror,89,3,99
1881,34,Romance,37,6,97
1882,23,Action,73,2,72
1883,21,Romance,42,6,66
1884,58,Kids,44,2,78
1885,19,Kids,62,6,59
1886,22,Documentary,74,1,99
1887,60,Kids,32,4,53
1888,30,Kids,32,7,49
1889,34,Kids,107,7,52
1890,23,Comedy,36,7,54
1891,34,Documentary,106,3,57
1892,44,Drama,17,5,68
1893,40,Kids,20,6,55
1894,46,Sci-Fi,75,5,86
1895,31,Romance,41,6,93
1896,30,Romance,115,3,86
1897,52,Kids,66,6,78
1898,31,Kids,54,4,49
1899,29,Kids,113,7,57
1900,22,Kids,69,3,45
1901,38,Action,80,2,92
1902,56,Action,116,1,65
1903,58,Drama,24,3,70
1904,58,Documentary,107,2,90
1905,55,Drama,50,2,62
1906,26,Romance,64,6,70
1907,37,Romance,12,4,77
1908,54,Action,106,3,41
1909,32,Action,83,7,45
1910,49,Horror,50,2,80
1911,47,Romance,75,4,51
1912,42,Horror,13,2,85
1913,36,Romance,57,1,57
1914,39,Romance,28,6,72
1915,55,Sci-Fi,35,4,77
1916,56,Documentary,6,2,90
1917,46,Documentary,80,5,74
1918,33,Romance,101,6,71
1919,44,Documentary,92,4,76
1920,52,Sci-Fi,68,7,59
1921,20,Documentary,51,4,86
1922,23,Comedy,82,2,88
1923,21,Documentary,58,3,46
1924,20,Sci-Fi,58,1,65
1925,39,Action,32,5,42
1926,29,Documentary,22,4,67
1927,46,Drama,16,1,70
1928,23,Drama,17,5,58
1929,28,Kids,59,7,87
1930,20,Romance,77,3,96
1931,52,Documentary,27,7,53
1932,59,Horror,14,6,93
1933,27,Romance,115,1,47
1934,36,Action,37,2,86
1935,23,Action,90,3,99
1936,58,Comedy,87,7,47
1937,37,Romance,113,1,68
1938,36,Drama,71,4,74
1939,38,Sci-Fi,95,2,59
1940,29,Romance,62,4,76
1941,20,Horror,86,3,48
1942,38,Horror,55,3,76
1943,56,Drama,59,6,45
1944,46,Sci-Fi,103,4,84
1945,42,Romance,52,3,71
1946,20,Kids,79,5,92
1947,25,Action,96,6,70
1948,47,Horror,51,1,88
1949,25,Romance,5,1,72
1950,46,Kids,89,6,58
1951,24,Sci-Fi,87,5,52
1952,56,Comedy,17,7,45
1953,53,Sci-Fi,18,2,50
1954,55,Documentary,10,1,50
1955,56,Romance,101,2,99
1956,36,Drama,56,7,71
1957,49,Romance,43,5,80
1958,32,Comedy,94,2,55
1959,52,Action,5,3,91
1960,22,Romance,21,5,97
1961,18,Romance,113,1,84
1962,55,Horror,11,2,78
1963,18,Action,39,5,55
1964,53,Drama,87,4,63
1965,29,Kids,46,2,53
1966,36,Sci-Fi,33,6,40
1967,52,Action,84,4,44
1968,26,Romance,15,4,98
1969,28,Sci-Fi,92,5,49
1970,24,Kids,116,1,81
1971,19,Drama,15,4,69
1972,45,Documentary,63,2,95
1973,23,Drama,120,7,69
1974,41,Kids,54,1,51
1975,49,Kids,44,7,56
1976,58,Drama,56,3,94
1977,37,Comedy,90,6,97
1978,37,Sci-Fi,62,3,58
1979,20,Horror,32,6,40
1980,59,Romance,22,2,56
1981,36,Documentary,29,1,58
1982,31,Action,12,6,68
1983,28,Comedy,78,6,84
1984,25,Horror,60,1,82
1985,32,Sci-Fi,55,6,59
1986,23,Action,116,4,76
1987,52,Action,21,7,44
1988,34,Horror,119,4,92
1989,57,Action,120,3,66
1990,34,Drama,34,5,46
1991,35,Drama,117,2,98
1992,45,Romance,11,1,81
1993,26,Documentary,56,2,55
1994,47,Romance,97,3,95
1995,37,Sci-Fi,27,4,82
1996,48,Comedy,97,6,46
1997,48,Romance,67,6,77
1998,45,Drama,9,7,55
1999,54,Romance,8,4,52
2000,26,Horror,24,2,51
2001,58,Documentary,98,5,50
2002,54,Romance,10,6,52
2003,45,Action,15,4,55
2004,49,Drama,104,7,87
2005,60,Romance,38,1,73
2006,41,Action,110,4,69
2007,21,Kids,17,7,43
2008,37,Documentary,82,7,52
2009,38,Comedy,53,5,83
2010,29,Comedy,88,5,50
2011,45,Documentary,75,6,57
2012,24,Horror,102,3,67
2013,49,Documentary,94,3,58
2014,60,Kids,12,3,85
2015,25,Comedy,87,5,100
2016,35,Romance,118,4,86
2017,28,Comedy,36,6,76
2018,28,Horror,80,3,83
2019,38,Comedy,112,2,89
2020,39,Drama,28,6,57
2021,36,Comedy,86,6,49
2022,23,Romance,99,7,82
2023,20,Drama,91,6,43
2024,50,Kids,22,3,59
2025,50,Documentary,14,6,99
2026,33,Action,30,7,83
2027,40,Romance,111,6,84
2028,22,Action,46,1,58
2029,36,Romance,37,3,68
2030,31,Drama,56,7,55
2031,19,Documentary,98,4,91
2032,22,Sci-Fi,109,2,65
2033,42,Kids,41,3,89
2034,45,Sci-Fi,40,6,99
2035,47,Romance,24,5,56
2036,45,Action,70,5,74
2037,33,Drama,89,4,44
2038,57,Documentary,31,7,82
2039,24,Horror,54,1,62
2040,57,Romance,6,1,56
2041,21,Drama,101,2,46
2042,27,Comedy,32,7,53
2043,34,Sci-Fi,36,5,66
2044,39,Drama,114,6,66
2045,39,Horror,33,3,55
2046,43,Documentary,101,3,62
2047,49,Kids,19,5,84
2048,24,Sci-Fi,113,1,50
2049,32,Romance,58,6,68
2050,53,Action,99,3,76
2051,49,Comedy,28,1,66
2052,49,Kids,34,3,55
2053,59,Action,12,2,71
2054,35,Drama,35,1,83
2055,30,Comedy,11,4,65
2056,31,Comedy,50,2,63
2057,28,Sci-Fi,37,6,61
2058,25,Kids,80,6,52
2059,24,Horror,75,7,87
2060,43,Kids,60,3,87
2061,33,Sci-Fi,35,5,83
2062,54,Sci-Fi,100,6,48
2063,53,Kids,29,1,82
2064,51,Horror,93,7,94
2065,27,Documentary,25,6,59
2066,28,Sci-Fi,84,3,59
2067,35,Sci-Fi,99,4,60
2068,43,Documentary,15,5,96
2069,37,Documentary,117,3,75
2070,31,Romance,112,3,77
2071,51,Drama,55,6,41
2072,31,Romance,57,5,84
2073,52,Comedy,55,7,83
2074,37,Horror,65,6,87
2075,22,Sci-Fi,112,1,86
2076,18,Drama,101,5,63
2077,19,Action,76,2,77
2078,45,Documentary,52,3,92
2079,21,Documentary,23,2,79
2080,48,Horror,90,4,95
2081,35,Drama,32,5,96
2082,36,Kids,6,6,47
2083,38,Action,97,2,91
2084,54,Sci-Fi,62,7,93
2085,37,Romance,16,5,50
2086,40,Action,102,1,48
2087,21,Kids,54,3,54
2088,54,Documentary,65,5,70
2089,45,Kids,58,7,73
2090,48,Drama,58,7,83
2091,41,Action,35,7,97
2092,20,Documentary,78,7,82
2093,21,Romance,104,2,52
2094,53,Sci-Fi,93,7,100
2095,30,Documentary,80,1,81
2096,46,Romance,59,5,61
2097,20,Comedy,23,5,74
2098,40,Kids,115,4,93
2099,29,Sci-Fi,17,2,51
2100,50,Romance,109,5,90
2101,18,Horror,92,2,97
2102,59,Horror,113,4,99
2103,20,Action,106,4,52
2104,31,Horror,51,7,46
2105,28,Comedy,86,2,86
2106,32,Sci-Fi,30,4,79
2107,25,Sci-Fi,111,2,81
2108,28,Kids,61,5,57
2109,28,Comedy,70,5,86
2110,42,Documentary,115,7,40
2111,46,Documentary,104,2,60
2112,22,Drama,52,5,68
2113,46,Action,74,6,50
2114,46,Horror,118,2,48
2115,52,Sci-Fi,57,5,65
2116,47,Romance,107,5,55
2117,21,Drama,64,2,69
2118,24,Romance,9,4,61
2119,27,Comedy,97,7,66
2120,58,Comedy,33,7,100
2121,37,Romance,24,2,48
2122,37,Action,120,7,90
2123,57,Kids,61,7,87
2124,30,Sci-Fi,93,2,56
2125,27,Sci-Fi,63,7,73
2126,52,Romance,57,2,98
2127,52,Kids,72,2,97
2128,47,Comedy,102,1,83
2129,30,Sci-Fi,44,2,49
2130,31,Comedy,109,6,76
2131,56,Documentary,28,3,67
2132,34,Comedy,72,4,89
2133,24,Action,28,2,52
2134,59,Drama,68,5,92
2135,55,Romance,109,4,52
2136,32,Comedy,19,5,79
2137,27,Action,105,7,49
2138,43,Romance,67,3,43
2139,45,Romance,91,1,58
2140,37,Horror,43,1,48
2141,40,Horror,93,3,75
2142,37,Sci-Fi,7,6,83
2143,51,Action,118,2,95
2144,24,Horror,43,6,79
2145,21,Sci-Fi,94,1,75
2146,55,Action,8,6,47
2147,32,Action,51,7,48
2148,53,Kids,51,1,69
2149,35,Kids,106,7,67
2150,41,Documentary,94,6,99
2151,46,Sci-Fi,117,5,68
2152,48,Drama,13,1,84
2153,44,Kids,23,6,72
2154,47,Documentary,9,1,60
2155,51,Sci-Fi,102,3,82
2156,36,Kids,46,1,94
2157,18,Action,54,3,42
2158,55,Romance,33,7,57
2159,20,Documentary,12,7,54
2160,44,Horror,48,3,40
2161,46,Comedy,21,4,49
2162,60,Kids,9,5,64
2163,45,Action,41,2,54
2164,52,Horror,66,7,58
2165,45,Comedy,63,5,42
2166,40,Documentary,24,3,80
2167,42,Comedy,9,3,78
2168,56,Sci-Fi,120,1,79
2169,46,Drama,90,6,73
2170,33,Drama,39,7,82
2171,23,Sci-Fi,117,1,41
2172,24,Comedy,76,1,45
2173,45,Romance,118,5,51
2174,53,Documentary,91,2,86
2175,34,Drama,36,7,64
2176,29,Kids,82,2,47
2177,34,Romance,39,4,60
2178,35,Kids,51,1,53
2179,60,Kids,26,5,58
2180,47,Horror,94,5,82
2181,54,Action,90,7,44
2182,47,Comedy,64,6,90
2183,43,Sci-Fi,70,7,63
2184,51,Sci-Fi,85,6,75
2185,23,Comedy,103,6,95
2186,26,Sci-Fi,35,1,58
2187,58,Horror,31,7,43
2188,58,Kids,9,1,89
2189,37,Comedy,89,5,82
2190,50,Kids,44,2,100
2191,28,Romance,5,5,53
2192,44,Romance,65,2,81
2193,19,Kids,6,6,63
2194,42,Drama,78,6,40
2195,45,Action,89,3,43
2196,47,Comedy,109,3,64
2197,34,Kids,9,4,79
2198,46,Romance,46,2,97
2199,37,Sci-Fi,62,3,90
2200,54,Action,6,7,49
2201,49,Kids,65,5,84
2202,46,Sci-Fi,70,3,98
2203,58,Comedy,23,4,80
2204,34,Drama,98,4,60
2205,49,Comedy,101,5,49
2206,37,Drama,22,3,77
2207,32,Kids,56,5,59
2208,22,Horror,105,5,46
2209,55,Horror,110,6,88
2210,48,Romance,45,2,51
2211,55,Sci-Fi,116,1,59
2212,33,Drama,119,5,95
2213,33,Horror,64,5,62
2214,51,Comedy,22,3,69
2215,44,Comedy,32,7,60
2216,47,Sci-Fi,51,2,70
2217,56,Horror,18,3,56
2218,57,Horror,104,6,52
2219,38,Comedy,30,7,56
2220,47,Romance,32,6,86
2221,21,Action,110,4,62
2222,53,Documentary,79,7,97
2223,42,Horror,35,1,64
2224,51,Kids,64,2,60
2225,56,Sci-Fi,84,4,54
2226,25,Drama,22,5,54
2227,59,Comedy,20,5,46
2228,52,Sci-Fi,9,1,74
2229,57,Kids,97,5,75
2230,52,Action,85,2,87
2231,44,Kids,81,6,45
2232,54,Documentary,54,5,93
2233,24,Kids,100,2,41
2234,44,Sci-Fi,19,1,90
2235,38,Drama,97,4,68
2236,57,Comedy,97,6,96
2237,50,Comedy,104,6,100
2238,44,Kids,46,6,62
2239,36,Romance,17,3,91
2240,33,Comedy,6,7,70
2241,42,Sci-Fi,97,1,60
2242,36,Romance,100,1,66
2243,60,Comedy,79,5,53
2244,33,Horror,71,2,73
2245,46,Drama,93,3,41
2246,49,Action,21,2,67
2247,59,Comedy,61,2,44
2248,50,Sci-Fi,107,5,88
2249,46,Comedy,99,1,46
2250,41,Action,21,2,47
2251,52,Documentary,84,1,62
2252,25,Romance,77,3,97
2253,19,Romance,103,2,47
2254,44,Kids,49,7,58
2255,45,Horror,85,3,74
2256,49,Horror,117,6,67
2257,18,Romance,74,2,96
2258,32,Kids,69,2,41
2259,47,Comedy,109,6,76
2260,57,Comedy,94,1,83
2261,30,Romance,73,7,57
2262,49,Romance,39,3,42
2263,42,Horror,71,3,74
2264,32,Drama,34,2,79
2265,19,Sci-Fi,51,6,40
2266,18,Romance,66,3,90
2267,56,Horror,55,7,73
2268,21,Drama,20,3,53
2269,57,Horror,101,3,96
2270,52,Drama,15,4,59
2271,19,Romance,35,2,100
2272,20,Documentary,91,2,86
2273,31,Romance,74,5,59
2274,59,Kids,76,6,49
2275,55,Kids,14,7,46
2276,54,Horror,106,3,66
2277,45,Sci-Fi,73,2,59
2278,43,Sci-Fi,15,5,57
2279,48,Comedy,9,7,79
2280,47,Romance,80,1,80
2281,40,Romance,94,5,85
2282,35,Drama,76,3,47
2283,25,Action,107,3,96
2284,25,Action,85,3,61
2285,46,Romance,34,2,48
2286,39,Romance,92,7,79
2287,24,Horror,5,2,52
2288,41,Action,8,2,66
2289,44,Romance,108,1,63
2290,51,Documentary,114,1,81
2291,59,Documentary,83,5,98
2292,42,Romance,21,2,55
2293,27,Documentary,8,5,65
2294,19,Comedy,24,5,55
2295,56,Comedy,112,7,42
2296,52,Action,66,6,81
2297,36,Sci-Fi,79,6,57
2298,54,Sci-Fi,40,1,84
2299,36,Romance,64,7,82
2300,20,Drama,107,6,45
2301,39,Sci-Fi,37,2,40
2302,27,Kids,49,7,55
2303,39,Action,15,3,73
2304,21,Horror,83,7,87
2305,45,Horror,36,1,96
2306,58,Documentary,11,7,80
2307,34,Kids,65,5,49
2308,41,Documentary,73,2,75
2309,26,Kids,42,4,40
2310,26,Action,71,4,69
2311,48,Horror,33,2,66
2312,52,Action,71,3,68
2313,21,Sci-Fi,31,1,73
2314,48,Comedy,59,3,62
2315,20,Sci-Fi,92,1,95
2316,29,Romance,66,7,75
2317,36,Comedy,73,7,87
2318,35,Action,61,2,58
2319,27,Comedy,111,1,50
2320,60,Kids,54,2,42
2321,39,Action,15,6,88
2322,23,Horror,20,5,59
2323,58,Sci-Fi,70,7,58
2324,28,Action,53,5,90
2325,46,Kids,28,1,40
2326,33,Action,88,1,71
2327,48,Comedy,97,5,65
2328,19,Documentary,104,6,61
2329,23,Sci-Fi,48,7,54
2330,59,Documentary,74,3,49
2331,44,Drama,53,6,43
2332,26,Horror,55,2,43
2333,19,Horror,62,2,73
2334,36,Romance,18,2,80
2335,33,Comedy,84,7,92
2336,32,Romance,90,1,98
2337,55,Sci-Fi,15,6,46
2338,18,Sci-Fi,54,4,83
2339,54,Romance,92,1,99
2340,51,Action,99,1,48
2341,60,Kids,120,4,63
2342,27,Drama,11,3,88
2343,27,Action,89,2,72
2344,23,Action,66,4,47
2345,26,Kids,101,7,75
2346,22,Comedy,80,5,52
2347,21,Drama,41,5,65
2348,34,Action,59,1,64
2349,59,Comedy,27,2,69
2350,32,Kids,32,5,68
2351,25,Comedy,12,5,45
2352,25,Action,22,2,56
2353,27,Sci-Fi,108,3,78
2354,59,Kids,70,6,85
2355,20,Comedy,114,7,69
2356,24,Documentary,58,5,84
2357,32,Sci-Fi,58,1,97
2358,30,Action,120,7,93
2359,40,Horror,105,5,68
2360,48,Romance,89,6,60
2361,52,Horror,85,5,71
2362,58,Romance,97,6,70
2363,21,Kids,116,1,91
2364,52,Romance,97,7,45
2365,50,Horror,41,1,64
2366,32,Comedy,116,5,94
2367,59,Romance,93,4,95
2368,19,Comedy,30,3,70
2369,34,Horror,99,2,74
2370,54,Kids,25,4,71
2371,36,Romance,81,5,55
2372,49,Horror,44,6,64
2373,31,Sci-Fi,87,4,45
2374,40,Documentary,10,6,75
2375,43,Kids,67,6,68
2376,44,Drama,101,4,86
2377,37,Horror,107,7,59
2378,40,Action,116,5,68
2379,45,Comedy,32,1,65
2380,46,Drama,9,3,94
2381,43,Sci-Fi,116,2,47
2382,33,Drama,13,6,64
2383,18,Romance,6,1,92
2384,37,Comedy,35,5,96
2385,42,Horror,106,3,89
2386,58,Romance,114,2,78
2387,32,Comedy,116,4,48
2388,37,Action,85,1,89
2389,41,Documentary,73,1,80
2390,27,Sci-Fi,102,2,45
2391,55,Drama,38,1,76
2392,44,Romance,77,7,82
2393,59,Romance,41,5,92
2394,18,Action,38,5,91
2395,23,Comedy,36,6,53
2396,40,Drama,53,4,46
2397,45,Kids,50,5,52
2398,31,Kids,113,1,74
2399,19,Sci-Fi,52,5,76
2400,34,Horror,48,7,80
2401,40,Kids,89,1,74
2402,39,Horror,7,5,66
2403,59,Documentary,102,6,71
2404,48,Kids,41,4,92
2405,60,Documentary,76,6,79
2406,42,Comedy,95,6,71
2407,45,Sci-Fi,79,2,51
2408,19,Sci-Fi,106,6,99
2409,47,Action,25,7,43
2410,50,Action,68,5,68
2411,51,Kids,108,3,63
2412,36,Drama,73,5,83
2413,28,Kids,63,4,91
2414,22,Action,55,1,61
2415,60,Action,27,1,45
2416,18,Drama,106,7,99
2417,19,Horror,30,2,44
2418,60,Romance,10,6,55
2419,52,Romance,113,6,91
2420,25,Sci-Fi,15,6,63
2421,33,Action,70,7,43
2422,27,Kids,115,7,40
2423,44,Comedy,57,7,55
2424,60,Action,90,5,74
2425,32,Sci-Fi,37,4,83
2426,59,Romance,54,1,58
2427,18,Action,108,2,49
2428,37,Drama,55,7,48
2429,36,Action,98,6,81
2430,22,Documentary,74,3,82
2431,54,Horror,100,4,63
2432,47,Kids,28,7,45
2433,21,Action,73,2,81
2434,29,Sci-Fi,51,3,65
2435,35,Documentary,14,2,72
2436,50,Documentary,81,2,91
2437,31,Drama,61,3,70
2438,27,Kids,96,6,91
2439,25,Action,33,5,52
2440,36,Comedy,117,6,49
2441,46,Kids,71,4,86
2442,48,Drama,94,3,65
2443,43,Action,69,4,47
2444,32,Horror,56,1,52
2445,21,Drama,47,1,42
2446,26,Action,111,6,56
2447,30,Sci-Fi,61,7,46
2448,22,Action,24,5,80
2449,28,Kids,68,2,42
2450,32,Documentary,52,5,48
2451,42,Kids,89,5,63
2452,57,Comedy,106,4,42
2453,27,Horror,104,4,45
2454,25,Romance,57,7,47
2455,38,Documentary,117,2,70
2456,40,Action,97,2,74
2457,23,Kids,53,2,87
2458,57,Documentary,31,2,83
2459,45,Kids,111,5,83
2460,45,Romance,85,1,87
2461,51,Comedy,60,6,75
2462,28,Romance,8,3,94
2463,48,Kids,23,3,41
2464,23,Action,36,7,49
2465,37,Action,97,3,91
2466,37,Comedy,15,6,82
2467,44,Kids,12,1,88
2468,23,Action,60,6,58
2469,30,Comedy,49,6,56
2470,48,Action,69,2,89
2471,38,Drama,109,4,86
2472,29,Kids,56,3,62
2473,38,Drama,116,7,95
2474,44,Sci-Fi,91,3,89
2475,51,Documentary,75,5,43
2476,21,Comedy,115,4,84
2477,23,Sci-Fi,45,7,93
2478,35,Romance,92,4,86
2479,42,Romance,49,1,80
2480,33,Romance,85,5,80
2481,24,Documentary,85,6,78
2482,30,Horror,48,3,75
2483,29,Sci-Fi,42,7,63
2484,43,Action,120,1,79
2485,42,Horror,12,3,68
2486,55,Kids,92,3,61
2487,40,Drama,20,1,46
2488,55,Comedy,112,3,56
2489,39,Romance,82,4,92
2490,55,Drama,33,6,52
2491,24,Drama,67,4,91
2492,44,Comedy,113,3,73
2493,27,Drama,37,3,56
2494,31,Kids,93,5,63
2495,54,Comedy,9,1,44
2496,51,Sci-Fi,102,2,71
2497,43,Romance,47,7,40
2498,32,Documentary,117,7,90
2499,59,Horror,77,5,58
2500,20,Comedy,97,2,70
2501,55,Drama,113,2,51
2502,57,Comedy,81,5,45
2503,21,Romance,84,1,96
2504,50,Documentary,113,4,70
2505,48,Documentary,51,3,74
2506,21,Sci-Fi,15,2,72
2507,33,Action,93,7,47
2508,40,Romance,47,4,54
2509,37,Sci-Fi,29,5,50
2510,39,Kids,71,5,87
2511,29,Documentary,16,1,57
2512,39,Romance,6,3,50
2513,30,Documentary,91,4,43
2514,49,Comedy,106,1,77
2515,51,Comedy,113,5,73
2516,31,Comedy,37,1,59
2517,57,Romance,72,4,64
2518,50,Action,89,1,49
2519,18,Drama,5,2,87
2520,23,Drama,87,2,63
2521,18,Romance,97,3,78
2522,45,Action,107,1,76
2523,36,Kids,62,5,83
2524,20,Romance,108,2,63
2525,25,Horror,54,5,40
2526,28,Drama,68,4,54
2527,21,Documentary,20,2,84
2528,56,Action,65,1,93
2529,30,Romance,82,2,82
2530,46,Action,17,7,89
2531,44,Action,68,4,45
2532,45,Comedy,39,3,57
2533,38,Documentary,93,2,86
2534,21,Drama,106,6,48
2535,33,Documentary,44,4,89
2536,25,Horror,45,5,85
2537,60,Kids,45,6,68
2538,47,Drama,77,2,97
2539,48,Romance,20,4,88
2540,36,Horror,19,6,81
2541,26,Horror,81,4,43
2542,19,Sci-Fi,39,2,87
2543,44,Comedy,111,5,81
2544,18,Comedy,91,2,47
2545,40,Drama,39,4,92
2546,20,Documentary,42,2,54
2547,50,Horror,105,1,89
2548,54,Drama,103,5,47
2549,39,Romance,24,1,97
2550,25,Kids,110,4,76
2551,31,Sci-Fi,120,6,44
2552,40,Sci-Fi,59,7,63
2553,34,Drama,98,6,51
2554,29,Action,88,4,67
2555,20,Sci-Fi,82,6,94
2556,43,Horror,116,4,87
2557,35,Comedy,23,6,99
2558,59,Drama,82,1,43
2559,49,Horror,90,7,92
2560,31,Horror,107,6,69
2561,55,Drama,18,3,91
2562,34,Documentary,71,5,45
2563,54,Drama,64,7,94
2564,25,Comedy,54,1,98
2565,27,Documentary,65,5,55
2566,53,Drama,74,7,66
2567,38,Comedy,50,1,50
2568,30,Kids,45,3,71
2569,56,Comedy,87,4,99
2570,40,Sci-Fi,110,6,71
2571,47,Comedy,108,6,82
2572,25,Kids,94,3,60
2573,53,Drama,120,3,95
2574,47,Sci-Fi,40,4,78
2575,30,Comedy,13,1,88
2576,38,Sci-Fi,38,4,90
2577,35,Documentary,88,1,52
2578,41,Kids,73,5,77
2579,40,Romance,24,6,95
2580,29,Comedy,89,2,78
2581,31,Horror,105,5,68
2582,27,Romance,105,6,48
2583,48,Action,59,5,48
2584,45,Horror,7,4,75
2585,39,Romance,9,5,94
2586,29,Romance,55,1,46
2587,33,Romance,6,6,85
2588,48,Documentary,90,1,86
2589,37,Horror,62,1,84
2590,30,Action,36,3,89
2591,45,Horror,112,2,53
2592,38,Horror,44,1,53
2593,26,Action,96,6,85
2594,57,Romance,95,1,72
2595,19,Action,30,6,89
2596,44,Romance,13,6,95
2597,42,Drama,10,3,75
2598,60,Romance,30,4,62
2599,29,Comedy,92,2,62
2600,43,Horror,96,3,52
2601,29,Kids,85,3,60
2602,18,Drama,36,6,55
2603,18,Kids,105,2,75
2604,50,Horror,85,5,58
2605,33,Sci-Fi,43,4,76
2606,28,Comedy,94,3,83
2607,38,Action,99,3,91
2608,28,Comedy,102,1,96
2609,50,Comedy,76,3,87
2610,26,Comedy,20,2,64
2611,20,Drama,26,1,81
2612,25,Kids,97,1,86
2613,49,Romance,120,2,52
2614,32,Horror,10,2,86
2615,60,Sci-Fi,84,4,84
2616,50,Drama,114,1,96
2617,23,Romance,22,3,48
2618,26,Documentary,105,4,51
2619,30,Kids,25,1,50
2620,39,Documentary,77,6,65
2621,48,Romance,9,1,59
2622,20,Documentary,10,6,77
2623,22,Romance,119,4,79
2624,44,Drama,116,2,99
2625,35,Sci-Fi,54,2,40
2626,31,Drama,114,4,45
2627,26,Horror,93,7,55
2628,23,Romance,93,3,71
2629,25,Romance,42,6,66
2630,55,Kids,109,5,61
2631,22,Comedy,32,6,70
2632,22,Drama,105,1,96
2633,20,Comedy,30,4,97
2634,59,Comedy,79,2,51
2635,24,Kids,13,2,65
2636,35,Drama,56,7,48
2637,38,Horror,41,4,85
2638,21,Romance,107,4,99
2639,35,Horror,57,1,50
2640,18,Comedy,16,4,60
2641,49,Drama,63,4,86
2642,34,Comedy,120,6,68
2643,41,Drama,94,7,41
2644,25,Horror,29,6,89
2645,19,Documentary,60,6,89
2646,24,Sci-Fi,78,4,79
2647,34,Comedy,111,2,69
2648,42,Action,46,5,63
2649,46,Horror,40,4,91
2650,29,Romance,13,1,49
2651,42,Documentary,95,3,49
2652,30,Horror,83,1,78
2653,41,Action,32,6,68
2654,40,Drama,54,6,84
2655,19,Romance,20,2,76
2656,45,Romance,15,1,81
2657,33,Comedy,112,7,72
2658,25,Action,35,2,87
2659,22,Documentary,109,6,67
2660,47,Romance,83,3,51
2661,57,Documentary,89,4,75
2662,36,Drama,102,6,89
2663,29,Romance,92,5,42
2664,21,Comedy,98,4,40
2665,26,Comedy,97,4,61
2666,34,Comedy,63,7,83
2667,46,Horror,45,2,98
2668,28,Romance,91,1,50
2669,42,Comedy,92,3,92
2670,49,Comedy,110,6,78
2671,51,Horror,90,4,50
2672,56,Sci-Fi,73,7,46
2673,36,Horror,11,4,84
2674,34,Action,38,7,68
2675,30,Action,82,4,70
2676,55,Documentary,111,7,69
2677,19,Romance,89,7,64
2678,33,Drama,73,4,55
2679,29,Action,63,2,41
2680,22,Sci-Fi,26,6,57
2681,56,Comedy,7,3,69
2682,46,Comedy,46,7,93
2683,29,Horror,108,1,62
2684,29,Drama,82,3,45
2685,41,Comedy,87,2,98
2686,53,Action,27,4,72
2687,21,Horror,87,4,84
2688,59,Romance,96,5,58
2689,21,Drama,120,2,71
2690,54,Documentary,24,7,48
2691,23,Sci-Fi,16,7,70
2692,42,Documentary,78,2,52
2693,58,Drama,98,7,93
2694,40,Kids,96,4,68
2695,50,Kids,62,1,45
2696,25,Drama,115,2,56
2697,55,Kids,28,7,54
2698,20,Horror,40,5,75
2699,42,Sci-Fi,56,6,59
2700,19,Comedy,53,1,47
2701,34,Action,106,7,46
2702,53,Comedy,103,1,98
2703,25,Romance,49,3,71
2704,39,Horror,71,5,43
2705,41,Romance,86,1,41
2706,57,Documentary,26,3,56
2707,26,Action,90,2,84
2708,24,Kids,16,7,64
2709,47,Horror,44,6,54
2710,39,Horror,120,3,54
2711,48,Comedy,90,4,70
2712,44,Drama,86,5,93
2713,33,Sci-Fi,54,5,86
2714,43,Kids,8,3,92
2715,19,Drama,70,5,44
2716,48,Drama,63,1,50
2717,33,Drama,24,7,89
2718,37,Romance,100,2,73
2719,39,Action,56,4,100
2720,27,Action,107,5,98
2721,36,Kids,81,1,53
2722,25,Drama,28,1,82
2723,33,Documentary,89,5,88
2724,47,Action,100,5,99
2725,26,Drama,62,5,65
2726,38,Romance,96,2,45
2727,45,Comedy,107,2,70
2728,25,Horror,9,3,94
2729,29,Drama,44,4,84
2730,25,Romance,57,6,72
2731,51,Drama,115,3,57
2732,51,Action,94,6,66
2733,56,Action,62,4,44
2734,32,Sci-Fi,22,4,51
2735,22,Sci-Fi,117,6,64
2736,46,Documentary,115,2,63
2737,20,Romance,25,3,65
2738,53,Comedy,75,6,76
2739,43,Action,55,7,73
2740,60,Action,102,1,84
2741,43,Horror,117,6,52
2742,26,Sci-Fi,5,3,56
2743,52,Action,66,2,47
2744,54,Horror,112,7,40
2745,47,Romance,51,1,94
2746,51,Action,16,2,90
2747,57,Horror,92,7,56
2748,30,Kids,109,5,64
2749,19,Kids,101,1,88
2750,25,Sci-Fi,5,4,100
2751,44,Horror,47,4,45
2752,54,Romance,79,4,91
2753,47,Documentary,91,1,45
2754,59,Sci-Fi,70,1,49
2755,20,Kids,92,3,83
2756,48,Romance,86,4,58
2757,38,Sci-Fi,36,6,94
2758,26,Documentary,30,3,94
2759,48,Sci-Fi,56,7,71
2760,34,Horror,62,5,47
2761,32,Romance,115,1,56
2762,52,Action,48,3,46
2763,21,Romance,34,5,73
2764,54,Drama,86,1,67
2765,18,Comedy,15,2,88
2766,40,Kids,72,5,95
2767,32,Action,17,5,43
2768,30,Documentary,111,4,43
2769,45,Kids,37,5,59
2770,55,Comedy,119,7,52
2771,28,Romance,81,3,49
2772,36,Action,39,7,88
2773,40,Romance,19,2,93
2774,19,Drama,75,1,91
2775,40,Documentary,104,4,75
2776,22,Action,93,3,85
2777,32,Drama,79,7,74
2778,57,Comedy,61,2,83
2779,45,Documentary,110,5,81
2780,23,Documentary,62,7,87
2781,36,Comedy,105,2,56
2782,33,Action,48,7,42
2783,19,Drama,24,5,43
2784,42,Drama,85,7,55
2785,52,Romance,62,4,100
2786,44,Documentary,14,2,58
2787,48,Action,88,5,40
2788,43,Horror,52,7,86
2789,21,Action,117,3,59
2790,39,Action,34,4,49
2791,43,Comedy,14,6,55
2792,59,Comedy,94,1,84
2793,41,Kids,97,6,57
2794,33,Romance,11,3,83
2795,48,Sci-Fi,50,3,59
2796,34,Romance,68,4,74
2797,33,Action,111,3,56
2798,41,Romance,46,1,48
2799,27,Comedy,36,1,41
2800,27,Comedy,5,5,76
2801,34,Horror,56,4,76
2802,38,Sci-Fi,35,6,44
2803,28,Romance,90,2,72
2804,33,Romance,99,4,66
2805,55,Kids,95,3,40
2806,44,Comedy,80,7,51
2807,21,Action,114,1,41
2808,33,Action,37,1,43
2809,28,Comedy,97,5,76
2810,59,Kids,30,7,64
2811,40,Romance,99,3,50
2812,56,Documentary,115,2,97
2813,39,Drama,95,4,81
2814,58,Sci-Fi,30,6,72
2815,42,Documentary,44,6,79
2816,27,Comedy,19,2,61
2817,29,Action,117,4,68
2818,27,Action,98,3,96
2819,21,Romance,68,3,76
2820,46,Comedy,49,4,98
2821,43,Drama,117,3,72
2822,22,Kids,83,7,65
2823,19,Romance,103,4,70
2824,22,Romance,70,6,87
2825,54,Sci-Fi,118,5,82
2826,20,Horror,119,3,72
2827,19,Comedy,28,3,68
2828,41,Action,20,6,74
2829,37,Comedy,57,4,75
2830,45,Kids,12,4,67
2831,52,Horror,16,3,59
2832,53,Sci-Fi,96,5,83
2833,28,Kids,65,6,51
2834,22,Documentary,79,2,64
2835,34,Romance,99,7,58
2836,30,Documentary,61,5,70
2837,40,Comedy,97,7,59
2838,36,Action,78,4,54
2839,35,Action,52,2,88
2840,32,Horror,120,4,86
2841,45,Drama,18,4,65
2842,55,Action,48,4,64
2843,24,Comedy,118,7,71
2844,25,Drama,106,7,47
2845,23,Romance,82,1,75
2846,37,Documentary,16,3,80
2847,48,Romance,68,1,68
2848,22,Horror,110,7,83
2849,54,Action,11,5,67
2850,22,Drama,97,6,78
2851,19,Romance,23,3,53
2852,31,Sci-Fi,40,3,65
2853,48,Comedy,13,1,42
2854,27,Horror,5,3,86
2855,49,Romance,14,3,66
2856,48,Sci-Fi,86,1,65
2857,45,Documentary,9,2,88
2858,27,Sci-Fi,107,7,45
2859,25,Sci-Fi,63,3,80
2860,45,Horror,99,7,85
2861,26,Documentary,69,5,88
2862,28,Romance,85,7,66
2863,22,Kids,96,1,66
2864,55,Romance,7,7,89
2865,48,Drama,25,5,75
2866,42,Documentary,104,5,52
2867,25,Action,69,3,87
2868,52,Action,52,2,49
2869,60,Comedy,91,3,48
2870,20,Action,97,6,53
2871,54,Horror,31,6,40
2872,34,Comedy,22,3,48
2873,55,Action,9,3,48
2874,55,Kids,18,7,95
2875,46,Romance,60,3,88
2876,42,Sci-Fi,114,2,86
2877,57,Action,112,7,43
2878,23,Documentary,49,5,70
2879,40,Kids,60,7,92
2880,53,Romance,52,6,57
2881,58,Sci-Fi,18,2,49
2882,21,Comedy,36,4,70
2883,24,Horror,83,1,86
2884,52,Kids,15,1,70
2885,41,Romance,41,6,87
2886,53,Action,72,4,91
2887,46,Documentary,24,4,43
2888,59,Kids,6,6,89
2889,29,Horror,117,1,98
2890,52,Documentary,49,1,71
2891,39,Drama,72,4,45
2892,34,Comedy,107,6,61
2893,53,Drama,96,7,42
2894,58,Romance,113,7,56
2895,49,Drama,75,3,94
2896,29,Action,29,5,73
2897,33,Action,91,5,91
2898,33,Sci-Fi,108,1,61
2899,38,Sci-Fi,69,4,89
2900,60,Kids,69,3,69
2901,41,Documentary,45,1,95
2902,38,Horror,120,1,66
2903,58,Romance,46,5,51
2904,24,Documentary,17,3,89
2905,39,Sci-Fi,86,4,44
2906,29,Comedy,43,7,64
2907,28,Kids,117,1,97
2908,46,Sci-Fi,5,1,58
2909,31,Action,58,1,83
2910,19,Horror,85,3,48
2911,28,Drama,57,6,100
2912,23,Documentary,114,3,58
2913,38,Sci-Fi,24,4,97
2914,53,Sci-Fi,107,6,94
2915,39,Kids,78,2,80
2916,32,Comedy,109,4,42
2917,52,Comedy,102,5,95
2918,23,Sci-Fi,43,4,83
2919,59,Documentary,104,5,53
2920,60,Sci-Fi,73,7,61
2921,59,Comedy,109,6,52
2922,29,Horror,17,5,66
2923,59,Comedy,108,2,91
2924,48,Comedy,75,4,58
2925,57,Action,58,6,99
2926,59,Comedy,60,3,66
2927,44,Drama,26,5,79
2928,32,Horror,58,3,77
2929,39,Kids,91,1,87
2930,34,Documentary,120,5,50
2931,49,Romance,34,5,97
2932,47,Sci-Fi,87,6,52
2933,49,Horror,98,5,52
2934,23,Sci-Fi,58,7,54
2935,49,Horror,32,1,64
2936,33,Sci-Fi,46,5,70
2937,28,Romance,89,3,92
2938,32,Kids,21,7,52
2939,35,Kids,94,6,59
2940,56,Action,89,3,75
2941,32,Romance,89,1,98
2942,27,Sci-Fi,106,6,79
2943,53,Kids,59,6,95
2944,20,Comedy,109,2,46
2945,58,Comedy,16,3,84
2946,43,Sci-Fi,70,3,92
2947,30,Sci-Fi,90,4,83
2948,47,Horror,64,1,97
2949,48,Action,66,7,49
2950,23,Sci-Fi,29,5,44
2951,22,Romance,35,2,48
2952,31,Kids,11,6,65
2953,35,Romance,44,7,46
2954,41,Horror,102,7,41
2955,41,Sci-Fi,81,5,95
2956,32,Sci-Fi,111,4,93
2957,52,Drama,52,2,66
2958,25,Drama,39,4,72
2959,42,Comedy,19,1,79
2960,37,Sci-Fi,21,1,56
2961,40,Documentary,89,4,60
2962,48,Documentary,91,5,82
2963,57,Sci-Fi,51,1,82
2964,47,Documentary,19,5,86
2965,43,Drama,50,4,95
2966,42,Sci-Fi,118,7,47
2967,30,Romance,71,3,88
2968,20,Documentary,81,4,83
2969,59,Action,88,6,78
2970,24,Romance,45,6,97
2971,30,Drama,19,6,60
2972,49,Documentary,95,5,60
2973,32,Romance,22,2,72
2974,53,Action,6,2,87
2975,25,Sci-Fi,35,6,63
2976,44,Sci-Fi,102,3,48
2977,40,Kids,37,3,86
2978,51,Sci-Fi,13,4,72
2979,57,Romance,79,6,43
2980,60,Action,13,7,75
2981,29,Comedy,9,1,72
2982,36,Comedy,15,6,70
2983,50,Romance,114,5,97
2984,53,Comedy,40,2,69
2985,33,Drama,28,4,86
2986,27,Horror,111,3,91
2987,43,Kids,98,4,79
2988,21,Kids,54,7,76
2989,54,Documentary,28,4,93
2990,50,Sci-Fi,66,7,75
2991,52,Comedy,31,1,85
2992,51,Kids,57,1,44
2993,48,Romance,95,6,91
2994,42,Kids,73,7,75
2995,38,Comedy,9,3,80
2996,30,Kids,9,6,90
2997,49,Documentary,47,7,52
2998,55,Documentary,23,3,77
2999,47,Romance,68,1,41
3000,49,Romance,89,6,97
3001,30,Drama,37,5,66
3002,48,Sci-Fi,59,4,66
3003,21,Documentary,39,3,98
3004,59,Comedy,50,6,40
3005,33,Drama,89,5,93
3006,26,Romance,52,1,99
3007,56,Kids,23,3,45
3008,45,Kids,17,4,48
3009,44,Horror,58,4,62
3010,33,Horror,44,2,44
3011,58,Kids,23,4,80
3012,21,Horror,78,5,79
3013,56,Horror,82,3,58
3014,25,Comedy,21,7,73
3015,50,Horror,92,6,75
3016,22,Comedy,32,5,95
3017,34,Drama,114,5,87
3018,37,Romance,111,4,40
3019,58,Horror,100,1,59
3020,46,Kids,115,4,89
3021,48,Horror,96,7,69
3022,27,Kids,102,2,85
3023,44,Drama,60,1,72
3024,30,Horror,100,5,47
3025,33,Sci-Fi,67,2,78
3026,44,Drama,12,7,72
3027,23,Drama,51,4,79
3028,25,Horror,71,3,71
3029,52,Kids,69,2,47
3030,54,Comedy,101,2,92
3031,49,Drama,77,6,50
3032,26,Romance,116,4,68
3033,20,Drama,96,6,77
3034,55,Horror,5,5,99
3035,54,Action,109,1,59
3036,19,Comedy,22,2,61
3037,42,Sci-Fi,116,3,87
3038,28,Sci-Fi,92,7,89
3039,56,Sci-Fi,80,3,61
3040,26,Documentary,39,4,76
3041,55,Drama,77,5,70
3042,24,Drama,34,1,52
3043,59,Romance,99,7,74
3044,18,Comedy,71,5,64
3045,58,Horror,107,4,77
3046,47,Romance,60,7,68
3047,57,Documentary,106,5,45
3048,46,Horror,17,6,48
3049,55,Horror,81,3,91
3050,23,Comedy,54,4,90
3051,50,Action,103,7,100
3052,24,Horror,101,4,59
3053,19,Comedy,101,1,82
3054,38,Comedy,97,1,67
3055,51,Romance,30,7,97
3056,48,Drama,70,1,72
3057,38,Action,21,3,96
3058,26,Documentary,90,1,74
3059,29,Kids,85,5,90
3060,27,Romance,49,1,40
3061,40,Action,25,7,71
3062,53,Action,75,7,67
3063,28,Romance,57,5,62
3064,29,Horror,62,6,79
3065,31,Sci-Fi,109,3,71
3066,23,Drama,101,7,96
3067,28,Kids,34,1,74
3068,46,Romance,110,6,67
3069,18,Romance,94,4,86
3070,18,Horror,32,1,68
3071,40,Comedy,69,5,53
3072,35,Sci-Fi,105,3,73
3073,45,Drama,44,6,89
3074,47,Drama,111,6,92
3075,19,Horror,107,7,45
3076,36,Sci-Fi,7,1,75
3077,20,Comedy,84,1,74
3078,19,Kids,105,5,94
3079,26,Horror,14,2,96
3080,52,Kids,59,2,46
3081,60,Action,91,7,64
3082,57,Kids,15,1,92
3083,20,Comedy,14,3,72
3084,26,Horror,27,5,100
3085,58,Comedy,62,7,78
3086,49,Comedy,88,6,54
3087,24,Drama,107,6,59
3088,37,Horror,72,3,86
3089,32,Documentary,65,2,53
3090,39,Drama,48,3,47
3091,32,Documentary,73,5,73
3092,30,Action,78,3,50
3093,35,Sci-Fi,72,2,44
3094,37,Sci-Fi,77,7,91
3095,22,Sci-Fi,99,6,70
3096,54,Drama,71,6,95
3097,39,Action,89,3,77
3098,44,Kids,114,4,85
3099,50,Romance,43,5,56
3100,56,Kids,51,6,69
3101,18,Action,21,4,65
3102,26,Drama,5,1,43
3103,33,Romance,57,2,53
3104,43,Action,49,6,59
3105,40,Kids,43,2,74
3106,23,Romance,30,6,47
3107,56,Comedy,43,3,52
3108,40,Drama,109,3,64
3109,37,Romance,97,1,77
3110,35,Horror,83,7,80
3111,45,Kids,52,6,100
3112,34,Documentary,41,7,57
3113,41,Kids,67,1,48
3114,27,Horror,87,5,89
3115,48,Comedy,85,3,90
3116,49,Kids,91,1,45
3117,34,Kids,54,3,95
3118,51,Horror,67,4,65
3119,25,Documentary,63,3,81
3120,58,Romance,71,6,71
3121,52,Action,102,6,52
3122,18,Kids,70,1,91
3123,55,Drama,13,7,77
3124,57,Romance,62,3,100
3125,30,Horror,58,6,75
3126,48,Comedy,28,6,66
3127,30,Sci-Fi,24,2,68
3128,47,Romance,95,4,79
3129,54,Romance,29,2,61
3130,27,Horror,95,2,88
3131,39,Drama,48,1,57
3132,44,Horror,72,6,81
3133,47,Sci-Fi,116,7,51
3134,32,Comedy,65,4,66
3135,48,Documentary,43,5,84
3136,42,Horror,16,7,57
3137,37,Romance,51,4,86
3138,46,Romance,109,3,46
3139,41,Action,82,1,84
3140,21,Horror,25,5,79
3141,54,Kids,104,3,68
3142,30,Sci-Fi,85,4,71
3143,27,Romance,95,6,55
3144,39,Documentary,101,7,98
3145,20,Action,46,7,96
3146,52,Horror,56,1,58
3147,30,Drama,97,1,67
3148,44,Comedy,46,3,81
3149,31,Romance,90,7,74
3150,19,Drama,99,5,46
3151,52,Kids,111,6,64
3152,38,Romance,40,4,55
3153,51,Sci-Fi,58,1,46
3154,59,Action,79,1,68
3155,35,Action,100,3,95
3156,35,Horror,13,1,54
3157,37,Sci-Fi,70,5,48
3158,46,Documentary,88,4,82
3159,22,Horror,48,2,74
3160,31,Horror,92,3,99
3161,52,Drama,19,3,83
3162,30,Horror,59,6,94
3163,23,Sci-Fi,61,7,48
3164,49,Horror,91,7,95
3165,40,Romance,29,7,52
3166,46,Horror,79,1,61
3167,53,Kids,44,7,98
3168,29,Documentary,68,6,76
3169,31,Kids,71,2,98
3170,32,Sci-Fi,89,5,79
3171,36,Action,112,2,91
3172,28,Horror,23,6,94
3173,47,Drama,117,6,51
3174,39,Sci-Fi,45,2,100
3175,55,Sci-Fi,17,7,51
3176,28,Comedy,8,1,71
3177,57,Horror,35,2,100
3178,28,Documentary,72,2,46
3179,58,Drama,81,7,41
3180,39,Romance,78,3,50
3181,18,Comedy,78,6,40
3182,24,Romance,78,5,40
3183,33,Drama,117,6,52
3184,27,Documentary,21,1,89
3185,57,Romance,101,2,45
3186,42,Documentary,24,1,83
3187,50,Romance,74,1,50
3188,48,Kids,71,5,56
3189,42,Drama,82,1,46
3190,34,Horror,6,1,66
3191,26,Kids,117,7,86
3192,57,Drama,116,3,97
3193,37,Horror,5,7,99
3194,29,Horror,51,2,80
3195,39,Action,75,2,71
3196,35,Kids,62,3,65
3197,52,Sci-Fi,42,1,50
3198,28,Documentary,29,2,51
3199,26,Action,7,4,68
3200,36,Romance,77,3,61
3201,20,Comedy,77,7,65
3202,54,Drama,108,7,58
3203,26,Documentary,29,3,58
3204,27,Drama,113,7,53
3205,23,Kids,115,4,45
3206,23,Action,111,7,45
3207,38,Action,75,3,69
3208,59,Documentary,55,4,91
3209,59,Sci-Fi,99,7,64
3210,37,Documentary,97,4,51
3211,47,Kids,73,4,64
3212,41,Documentary,21,7,92
3213,32,Documentary,117,6,80
3214,32,Documentary,19,3,84
3215,28,Kids,47,1,87
3216,40,Comedy,12,2,81
3217,58,Horror,107,5,75
3218,56,Comedy,66,6,96
3219,56,Documentary,63,2,86
3220,39,Action,39,4,92
3221,28,Romance,66,1,65
3222,46,Drama,30,5,85
3223,40,Kids,118,4,91
3224,42,Horror,91,4,63
3225,23,Drama,109,4,71
3226,20,Kids,116,2,97
3227,24,Comedy,100,7,72
3228,19,Documentary,92,2,43
3229,39,Sci-Fi,33,3,59
3230,24,Action,89,1,77
3231,51,Documentary,18,6,73
3232,59,Action,45,2,84
3233,51,Sci-Fi,33,7,57
3234,24,Horror,82,5,77
3235,50,Kids,12,4,56
3236,26,Horror,19,6,48
3237,25,Drama,47,5,85
3238,42,Drama,107,6,62
3239,20,Kids,59,5,71
3240,24,Kids,15,7,42
3241,33,Horror,54,6,68
3242,24,Horror,88,5,85
3243,37,Horror,117,5,81
3244,27,Drama,110,2,73
3245,29,Action,7,7,80
3246,57,Drama,7,4,46
3247,20,Horror,83,2,90
3248,52,Kids,20,2,81
3249,46,Horror,119,1,57
3250,18,Action,32,1,77
3251,46,Action,28,3,64
3252,31,Drama,114,4,46
3253,34,Documentary,76,5,82
3254,31,Romance,14,1,42
3255,34,Horror,76,1,51
3256,33,Documentary,99,5,86
3257,39,Sci-Fi,10,7,53
3258,60,Documentary,91,5,50
3259,50,Romance,70,5,76
3260,40,Kids,110,5,48
3261,43,Drama,83,1,66
3262,48,Horror,116,7,66
3263,27,Sci-Fi,40,1,82
3264,47,Drama,48,2,99
3265,57,Action,73,4,63
3266,35,Action,67,3,49
3267,33,Comedy,109,2,80
3268,51,Romance,118,2,67
3269,21,Action,93,2,54
3270,43,Kids,83,2,70
3271,23,Sci-Fi,117,1,82
3272,49,Comedy,68,2,41
3273,47,Kids,94,4,57
3274,45,Kids,18,7,81
3275,59,Documentary,77,7,52
3276,21,Sci-Fi,37,7,85
3277,50,Drama,61,6,97
3278,29,Sci-Fi,74,6,65
3279,45,Documentary,53,2,97
3280,52,Drama,119,1,72
3281,30,Drama,11,3,53
3282,38,Action,48,3,77
3283,44,Comedy,52,4,82
3284,36,Sci-Fi,38,7,79
3285,33,Kids,45,4,57
3286,18,Horror,20,1,84
3287,20,Action,83,3,66
3288,26,Romance,48,7,78
3289,40,Drama,27,5,100
3290,19,Romance,9,4,49
3291,48,Action,20,7,98
3292,51,Romance,115,3,99
3293,21,Drama,30,1,47
3294,23,Comedy,69,6,58
3295,47,Kids,75,6,65
3296,24,Action,120,7,70
3297,23,Sci-Fi,120,1,79
3298,51,Drama,9,1,90
3299,20,Comedy,66,4,97
3300,21,Drama,71,6,41
3301,52,Action,116,2,96
3302,32,Kids,14,4,98
3303,22,Action,62,1,51
3304,44,Kids,34,7,54
3305,43,Romance,10,7,52
3306,31,Drama,93,3,86
3307,22,Kids,117,4,57
3308,54,Drama,52,7,51
3309,44,Drama,31,3,53
3310,53,Drama,105,6,74
3311,54,Action,33,3,77
3312,57,Comedy,43,2,97
3313,43,Kids,84,6,97
3314,33,Horror,65,5,43
3315,41,Action,79,2,94
3316,38,Documentary,72,2,78
3317,48,Horror,61,4,83
3318,43,Documentary,9,7,76
3319,41,Sci-Fi,112,6,75
3320,25,Documentary,92,2,50
3321,40,Drama,103,4,66
3322,35,Horror,97,3,58
3323,45,Drama,87,5,66
3324,51,Romance,72,1,64
3325,28,Kids,96,6,52
3326,46,Drama,79,1,42
3327,34,Comedy,76,2,59
3328,21,Documentary,68,3,96
3329,24,Sci-Fi,14,7,86
3330,51,Documentary,91,1,44
3331,55,Drama,70,1,68
3332,51,Action,96,2,76
3333,49,Kids,100,7,86
3334,18,Documentary,95,5,41
3335,48,Romance,35,2,45
3336,57,Romance,31,5,76
3337,26,Romance,96,1,45
3338,34,Comedy,18,4,85
3339,45,Kids,118,3,100
3340,58,Comedy,59,6,44
3341,49,Romance,118,7,82
3342,41,Drama,101,3,47
3343,47,Comedy,54,1,69
3344,27,Romance,120,3,52
3345,46,Horror,93,6,85
3346,49,Drama,7,4,56
3347,28,Action,55,1,82
3348,23,Kids,65,2,61
3349,31,Comedy,89,6,87
3350,60,Documentary,105,3,49
3351,40,Comedy,9,4,43
3352,27,Documentary,56,2,56
3353,20,Sci-Fi,42,3,43
3354,45,Drama,96,1,95
3355,32,Action,52,3,100
3356,42,Romance,32,7,81
3357,20,Comedy,59,5,46
3358,18,Kids,50,5,54
3359,32,Action,52,2,79
3360,28,Action,111,3,89
3361,59,Romance,82,5,67
3362,28,Documentary,35,7,48
3363,50,Kids,10,1,65
3364,45,Kids,55,4,59
3365,51,Comedy,42,6,91
3366,20,Drama,116,5,100
3367,51,Horror,93,5,57
3368,34,Drama,75,7,70
3369,44,Kids,80,3,89
3370,21,Action,89,2,93
3371,59,Documentary,110,1,71
3372,28,Drama,27,7,43
3373,37,Documentary,48,6,68
3374,43,Sci-Fi,76,4,78
3375,25,Sci-Fi,71,5,71
3376,30,Drama,51,4,88
3377,19,Kids,95,5,82
3378,25,Documentary,81,5,92
3379,55,Sci-Fi,112,6,64
3380,51,Kids,46,2,76
3381,18,Comedy,12,4,53
3382,57,Documentary,36,1,59
3383,38,Kids,30,3,68
3384,38,Comedy,76,4,95
3385,21,Horror,70,4,82
3386,34,Comedy,9,5,57
3387,32,Action,90,7,61
3388,52,Comedy,51,3,48
3389,40,Horror,96,6,85
3390,32,Comedy,32,3,76
3391,39,Romance,69,1,54
3392,56,Comedy,44,1,86
3393,31,Romance,8,3,47
3394,41,Kids,55,5,82
3395,22,Documentary,70,6,72
3396,45,Action,101,6,63
3397,18,Romance,85,3,82
3398,18,Drama,41,4,100
3399,46,Sci-Fi,108,6,51
3400,59,Comedy,8,1,91
3401,58,Romance,17,6,95
3402,37,Horror,62,3,48
3403,38,Drama,16,3,58
3404,54,Sci-Fi,111,5,81
3405,23,Sci-Fi,106,7,97
3406,20,Documentary,112,7,40
3407,40,Kids,19,4,85
3408,49,Kids,63,7,69
3409,42,Comedy,30,3,84
3410,27,Action,31,4,68
3411,48,Romance,45,7,71
3412,51,Romance,115,1,63
3413,48,Comedy,112,2,71
3414,31,Sci-Fi,58,2,59
3415,53,Horror,52,1,40
3416,60,Documentary,23,5,89
3417,27,Kids,46,2,41
3418,51,Action,107,2,82
3419,57,Comedy,30,2,55
3420,42,Comedy,119,3,44
3421,19,Horror,105,5,80
3422,47,Kids,19,5,92
3423,47,Documentary,21,3,87
3424,46,Drama,84,6,45
3425,29,Drama,27,1,77
3426,34,Documentary,83,5,95
3427,45,Comedy,40,1,67
3428,22,Sci-Fi,104,1,92
3429,56,Horror,87,6,80
3430,20,Comedy,31,2,41
3431,49,Action,96,4,43
3432,24,Drama,39,2,72
3433,29,Action,15,2,97
3434,55,Comedy,112,1,82
3435,34,Drama,115,1,90
3436,55,Drama,85,7,70
3437,28,Documentary,27,7,48
3438,60,Comedy,98,1,47
3439,19,Romance,103,2,75
3440,59,Comedy,50,4,86
3441,54,Sci-Fi,99,5,53
3442,21,Drama,90,4,50
3443,32,Romance,70,5,98
3444,27,Documentary,92,4,54
3445,37,Sci-Fi,116,6,53
3446,36,Action,94,7,89
3447,27,Horror,80,7,46
3448,50,Romance,89,4,74
3449,41,Documentary,72,1,56
3450,18,Drama,84,3,73
3451,26,Drama,26,4,73
3452,30,Sci-Fi,6,7,88
3453,43,Horror,10,3,97
3454,52,Sci-Fi,100,5,98
3455,33,Horror,116,3,51
3456,47,Action,65,5,53
3457,30,Horror,61,2,96
3458,59,Romance,76,3,78
3459,51,Romance,95,5,77
3460,40,Comedy,52,5,49
3461,35,Action,105,7,70
3462,30,Drama,95,7,42
3463,23,Horror,61,1,81
3464,59,Drama,8,7,46
3465,20,Kids,117,7,92
3466,53,Romance,68,7,83
3467,59,Drama,117,2,79
3468,25,Drama,117,5,93
3469,56,Comedy,83,7,58
3470,46,Romance,33,2,98
3471,34,Romance,114,3,42
3472,40,Kids,88,3,75
3473,59,Kids,38,5,46
3474,25,Drama,98,7,45
3475,41,Romance,52,3,54
3476,41,Action,101,3,50
3477,35,Comedy,38,1,67
3478,24,Action,38,7,51
3479,43,Horror,25,2,66
3480,46,Romance,107,5,90
3481,56,Comedy,61,6,64
3482,26,Romance,10,4,69
3483,27,Drama,114,3,50
3484,19,Comedy,77,4,68
3485,41,Kids,39,6,98
3486,47,Drama,110,6,50
3487,52,Documentary,23,6,88
3488,36,Comedy,119,1,62
3489,33,Romance,22,3,48
3490,27,Romance,89,1,97
3491,19,Action,110,3,65
3492,25,Comedy,106,4,67
3493,39,Horror,34,7,57
3494,23,Horror,55,3,49
3495,50,Comedy,44,1,83
3496,53,Drama,19,3,58
3497,41,Drama,87,3,75
3498,20,Kids,115,3,95
3499,32,Comedy,117,2,99
3500,22,Romance,9,6,70
3501,26,Comedy,10,4,72
3502,50,Romance,80,3,46
3503,60,Documentary,90,6,76
3504,42,Comedy,10,7,44
3505,54,Comedy,99,7,45
3506,38,Romance,7,6,95
3507,41,Kids,55,7,82
3508,60,Drama,96,4,65
3509,36,Kids,18,1,78
3510,58,Sci-Fi,44,3,61
3511,42,Comedy,52,7,48
3512,30,Romance,17,1,78
3513,38,Kids,23,5,98
3514,34,Documentary,73,3,91
3515,38,Sci-Fi,16,5,55
3516,50,Sci-Fi,92,1,80
3517,25,Horror,42,4,54
3518,22,Drama,14,5,62
3519,30,Horror,54,7,57
3520,44,Horror,88,3,68
3521,19,Documentary,119,6,82
3522,26,Comedy,72,3,57
3523,43,Horror,105,1,90
3524,57,Action,7,4,79
3525,19,Romance,34,4,59
3526,35,Action,27,5,87
3527,22,Documentary,46,7,73
3528,32,Horror,36,3,100
3529,42,Horror,115,1,48
3530,58,Romance,52,2,51
3531,51,Kids,83,7,97
3532,30,Comedy,27,3,58
3533,56,Romance,39,1,86
3534,32,Horror,69,6,86
3535,48,Action,110,2,57
3536,30,Kids,108,3,71
3537,25,Comedy,7,5,66
3538,20,Horror,54,6,48
3539,59,Documentary,75,5,48
3540,28,Action,49,3,87
3541,21,Action,15,4,71
3542,34,Comedy,114,2,95
3543,49,Documentary,62,6,98
3544,33,Romance,36,7,50
3545,28,Sci-Fi,113,5,52
3546,34,Comedy,96,3,88
3547,38,Action,47,7,79
3548,22,Romance,66,2,97
3549,59,Documentary,15,6,76
3550,25,Sci-Fi,6,3,99
3551,28,Romance,108,2,55
3552,31,Horror,115,5,78
3553,28,Sci-Fi,37,1,80
3554,56,Documentary,90,6,83
3555,51,Horror,66,7,95
3556,41,Comedy,64,1,83
3557,29,Comedy,69,6,40
3558,49,Horror,39,4,45
3559,52,Sci-Fi,106,6,55
3560,30,Romance,84,5,86
3561,38,Romance,106,5,81
3562,60,Kids,11,7,68
3563,27,Action,45,6,61
3564,23,Romance,91,2,100
3565,52,Documentary,66,7,48
3566,52,Comedy,68,4,94
3567,38,Sci-Fi,112,6,65
3568,38,Sci-Fi,101,3,60
3569,28,Documentary,101,7,75
3570,51,Kids,85,4,50
3571,39,Action,91,2,77
3572,47,Horror,116,6,99
3573,30,Drama,38,7,51
3574,56,Horror,54,5,79
3575,47,Horror,64,2,93
3576,47,Action,91,4,48
3577,41,Comedy,17,4,72
3578,32,Horror,31,2,82
3579,19,Documentary,78,3,55
3580,41,Comedy,43,2,67
3581,28,Drama,56,6,80
3582,30,Kids,78,7,58
3583,19,Horror,88,5,88
3584,52,Documentary,9,6,96
3585,30,Comedy,109,5,82
3586,46,Action,28,1,99
3587,53,Drama,45,7,93
3588,41,Action,25,3,60
3589,29,Documentary,92,2,82
3590,45,Sci-Fi,58,5,47
3591,27,Kids,71,4,51
3592,51,Horror,17,3,77
3593,35,Horror,110,3,61
3594,18,Sci-Fi,63,6,81
3595,37,Horror,78,3,42
3596,42,Sci-Fi,35,5,54
3597,22,Documentary,70,7,64
3598,21,Drama,102,4,78
3599,51,Sci-Fi,17,4,41
3600,40,Comedy,70,7,93
3601,34,Horror,117,5,59
3602,44,Action,78,1,94
3603,44,Romance,10,6,91
3604,25,Drama,36,1,82
3605,32,Drama,33,2,85
3606,50,Action,97,4,91
3607,34,Kids,104,4,51
3608,25,Kids,119,5,49
3609,54,Comedy,76,3,87
3610,29,Romance,42,4,94
3611,25,Sci-Fi,47,3,42
3612,29,Horror,52,5,41
3613,51,Romance,87,7,42
3614,28,Action,44,4,63
3615,32,Sci-Fi,26,1,50
3616,18,Action,43,1,68
3617,22,Drama,38,7,86
3618,42,Kids,39,7,59
3619,31,Horror,6,5,66
3620,53,Sci-Fi,107,6,95
3621,39,Sci-Fi,71,1,90
3622,38,Documentary,106,1,63
3623,42,Drama,114,7,95
3624,39,Horror,90,1,85
3625,34,Kids,24,2,87
3626,39,Comedy,35,6,78
3627,29,Kids,25,6,67
3628,20,Comedy,24,4,76
3629,40,Documentary,26,6,54
3630,40,Comedy,45,3,70
3631,31,Comedy,93,4,77
3632,32,Horror,38,3,86
3633,58,Comedy,89,6,45
3634,27,Action,30,2,92
3635,22,Kids,103,4,77
3636,24,Drama,37,7,45
3637,54,Sci-Fi,22,1,41
3638,27,Romance,100,1,54
3639,28,Horror,60,5,99
3640,45,Documentary,24,7,57
3641,52,Drama,63,2,56
3642,48,Comedy,16,5,62
3643,33,Comedy,50,1,74
3644,60,Kids,36,1,50
3645,27,Romance,38,4,47
3646,18,Kids,89,1,70
3647,29,Documentary,54,3,73
3648,34,Comedy,67,7,71
3649,48,Action,18,6,61
3650,44,Drama,107,6,94
3651,46,Documentary,45,1,70
3652,24,Action,25,2,98
3653,41,Horror,48,3,76
3654,35,Romance,13,5,66
3655,57,Sci-Fi,96,1,73
3656,52,Action,80,5,53
3657,59,Romance,47,2,44
3658,43,Action,117,7,70
3659,32,Documentary,102,6,97
3660,59,Sci-Fi,75,7,92
3661,54,Documentary,110,5,99
3662,35,Drama,84,3,47
3663,49,Romance,72,2,59
3664,53,Action,117,6,56
3665,51,Sci-Fi,104,6,77
3666,31,Documentary,72,7,93
3667,53,Horror,76,4,96
3668,34,Comedy,109,5,49
3669,34,Sci-Fi,45,2,54
3670,42,Drama,79,6,47
3671,54,Romance,71,1,72
3672,18,Sci-Fi,15,1,93
3673,54,Kids,23,6,68
3674,56,Romance,102,5,99
3675,47,Comedy,44,2,43
3676,44,Kids,24,7,53
3677,51,Drama,109,6,66
3678,44,Romance,24,1,82
3679,55,Comedy,55,3,72
3680,32,Action,42,6,69
3681,23,Documentary,110,5,41
3682,24,Romance,33,7,64
3683,43,Drama,76,7,65
3684,24,Sci-Fi,94,3,67
3685,50,Romance,69,1,77
3686,41,Drama,102,4,93
3687,42,Drama,83,1,55
3688,50,Comedy,11,6,72
3689,38,Sci-Fi,15,5,40
3690,50,Horror,36,2,85
3691,55,Drama,87,3,55
3692,52,Romance,89,7,70
3693,18,Documentary,89,7,73
3694,26,Horror,32,4,63
3695,32,Documentary,65,4,87
3696,20,Action,59,2,69
3697,28,Romance,46,3,85
3698,36,Comedy,111,7,64
3699,40,Documentary,6,3,87
3700,47,Action,118,3,40
3701,43,Romance,103,2,49
3702,51,Romance,76,6,75
3703,25,Drama,35,2,50
3704,41,Drama,71,1,70
3705,25,Romance,117,1,62
3706,46,Kids,15,6,62
3707,38,Action,103,4,76
3708,51,Drama,31,7,41
3709,46,Kids,101,6,73
3710,30,Action,55,5,90
3711,60,Documentary,45,6,43
3712,18,Kids,116,6,84
3713,19,Drama,64,5,41
3714,33,Kids,48,7,74
3715,43,Comedy,119,5,78
3716,38,Romance,12,2,63
3717,18,Romance,66,6,68
3718,39,Horror,33,6,71
3719,26,Kids,52,1,92
3720,48,Romance,102,2,97
3721,57,Sci-Fi,31,1,60
3722,57,Kids,98,5,97
3723,33,Kids,13,7,57
3724,43,Action,111,7,69
3725,19,Kids,108,5,91
3726,54,Kids,11,4,86
3727,18,Action,18,6,55
3728,51,Drama,14,2,43
3729,36,Kids,84,7,41
3730,50,Comedy,19,1,85
3731,45,Action,36,2,82
3732,50,Action,9,4,89
3733,54,Kids,60,5,85
3734,22,Documentary,71,5,65
3735,28,Romance,79,3,86
3736,28,Romance,117,1,87
3737,38,Drama,40,5,56
3738,47,Kids,63,3,56
3739,25,Drama,43,1,74
3740,52,Sci-Fi,58,1,73
3741,54,Horror,13,4,53
3742,28,Drama,99,2,81
3743,19,Horror,33,6,55
3744,48,Sci-Fi,26,2,98
3745,47,Documentary,66,2,76
3746,18,Romance,70,4,87
3747,60,Drama,73,2,63
3748,40,Sci-Fi,53,5,49
3749,28,Drama,68,5,45
3750,26,Kids,82,5,42
3751,19,Romance,32,2,63
3752,38,Comedy,89,3,85
3753,58,Horror,119,3,52
3754,60,Comedy,97,2,65
3755,26,Horror,68,5,46
3756,20,Comedy,50,4,43
3757,57,Comedy,16,2,58
3758,35,Documentary,86,2,85
3759,60,Horror,76,3,66
3760,37,Action,99,7,40
3761,19,Drama,67,1,41
3762,39,Action,68,5,60
3763,59,Action,27,2,58
3764,54,Romance,102,1,44
3765,45,Comedy,25,7,96
3766,57,Horror,114,6,65
3767,54,Sci-Fi,10,1,99
3768,22,Comedy,103,5,87
3769,40,Action,111,5,94
3770,55,Comedy,54,1,55
3771,33,Romance,92,3,63
3772,43,Comedy,101,1,44
3773,35,Action,44,7,73
3774,31,Romance,97,3,98
3775,26,Sci-Fi,17,1,48
3776,36,Action,44,2,89
3777,44,Documentary,105,1,65
3778,52,Documentary,20,2,48
3779,60,Kids,17,1,85
3780,45,Comedy,11,1,79
3781,48,Drama,64,2,40
3782,41,Documentary,75,7,81
3783,25,Comedy,83,6,97
3784,33,Horror,22,7,90
3785,18,Kids,71,5,86
3786,47,Kids,26,3,59
3787,30,Romance,60,5,54
3788,56,Horror,77,3,62
3789,58,Romance,10,1,96
3790,57,Romance,9,1,51
3791,43,Kids,37,7,40
3792,32,Horror,117,6,96
3793,55,Kids,73,1,63
3794,53,Horror,76,1,78
3795,39,Horror,104,4,100
3796,41,Drama,38,3,57
3797,34,Comedy,67,5,91
3798,50,Horror,40,7,60
3799,39,Sci-Fi,113,2,79
3800,38,Comedy,57,1,57
3801,53,Sci-Fi,13,7,96
3802,52,Action,34,1,90
3803,23,Action,34,3,98
3804,18,Comedy,33,1,41
3805,39,Action,19,2,69
3806,57,Kids,71,5,75
3807,35,Kids,75,2,94
3808,43,Kids,11,6,70
3809,19,Documentary,77,6,65
3810,60,Documentary,16,1,70
3811,30,Comedy,75,4,97
3812,19,Action,27,3,57
3813,49,Sci-Fi,27,6,64
3814,60,Documentary,78,2,79
3815,24,Comedy,40,5,76
3816,55,Comedy,19,7,79
3817,57,Documentary,62,2,62
3818,57,Action,94,4,78
3819,49,Comedy,69,4,48
3820,54,Comedy,63,3,95
3821,18,Drama,113,1,62
3822,20,Sci-Fi,40,7,65
3823,40,Romance,68,5,93
3824,41,Romance,36,4,69
3825,40,Drama,25,7,67
3826,35,Horror,64,2,74
3827,59,Documentary,107,6,88
3828,33,Kids,36,4,93
3829,52,Comedy,42,6,49
3830,48,Romance,80,2,91
3831,29,Romance,98,3,41
3832,42,Sci-Fi,31,5,47
3833,54,Documentary,113,5,53
3834,53,Documentary,63,6,79
3835,57,Action,107,7,74
3836,27,Sci-Fi,64,3,97
3837,44,Action,100,6,49
3838,26,Drama,69,3,58
3839,58,Romance,84,5,69
3840,31,Romance,107,5,64
3841,43,Comedy,52,2,93
3842,50,Drama,25,1,41
3843,29,Sci-Fi,12,4,96
3844,51,Romance,111,5,67
3845,35,Comedy,18,4,46
3846,18,Romance,62,5,88
3847,25,Romance,80,7,71
3848,40,Sci-Fi,30,2,66
3849,37,Kids,29,2,93
3850,43,Romance,49,2,79
3851,32,Drama,42,5,92
3852,57,Horror,52,5,92
3853,32,Drama,29,6,99
3854,45,Kids,70,6,81
3855,21,Kids,56,7,97
3856,19,Documentary,22,2,53
3857,41,Action,12,2,91
3858,60,Horror,23,6,53
3859,31,Documentary,81,4,80
3860,46,Romance,48,1,76
3861,39,Action,72,6,80
3862,30,Sci-Fi,116,5,49
3863,39,Kids,24,2,46
3864,44,Drama,18,6,62
3865,43,Kids,105,4,44
3866,38,Drama,57,4,67
3867,19,Comedy,20,6,57
3868,37,Horror,10,2,77
3869,57,Action,75,3,56
3870,39,Action,36,4,82
3871,34,Comedy,73,4,42
3872,20,Horror,77,4,58
3873,21,Action,89,2,64
3874,45,Documentary,16,2,54
3875,60,Romance,27,4,96
3876,58,Drama,67,1,83
3877,24,Drama,104,2,89
3878,58,Kids,85,2,82
3879,33,Comedy,74,6,45
3880,52,Action,9,1,73
3881,45,Sci-Fi,81,1,56
3882,40,Romance,55,5,44
3883,44,Horror,27,2,73
3884,39,Horror,97,7,67
3885,44,Sci-Fi,52,5,92
3886,48,Comedy,104,2,74
3887,52,Action,116,3,69
3888,18,Documentary,34,5,50
3889,42,Sci-Fi,69,3,43
3890,59,Documentary,65,6,53
3891,52,Comedy,80,4,84
3892,25,Drama,50,6,88
3893,34,Kids,77,1,53
3894,30,Drama,71,2,80
3895,34,Kids,103,4,91
3896,18,Sci-Fi,46,7,48
3897,51,Sci-Fi,115,6,80
3898,22,Sci-Fi,67,4,62
3899,41,Documentary,19,5,46
3900,19,Action,60,4,42
3901,21,Drama,111,4,78
3902,55,Drama,71,6,60
3903,36,Sci-Fi,117,2,98
3904,45,Sci-Fi,113,2,68
3905,29,Comedy,114,4,72
3906,49,Comedy,50,5,77
3907,43,Action,73,2,74
3908,49,Sci-Fi,88,2,83
3909,48,Sci-Fi,7,5,44
3910,55,Sci-Fi,90,4,73
3911,28,Horror,96,7,92
3912,30,Sci-Fi,49,4,45
3913,46,Sci-Fi,11,5,43
3914,21,Horror,83,2,70
3915,23,Romance,115,7,67
3916,22,Horror,114,3,64
3917,23,Sci-Fi,45,3,70
3918,41,Drama,106,7,70
3919,40,Documentary,56,6,57
3920,53,Sci-Fi,11,2,90
3921,44,Kids,84,4,71
3922,53,Kids,95,7,85
3923,44,Drama,77,4,95
3924,21,Romance,30,1,55
3925,29,Sci-Fi,61,4,96
3926,21,Kids,94,3,46
3927,46,Kids,13,1,88
3928,20,Action,40,3,54
3929,57,Kids,119,6,66
3930,52,Romance,51,7,40
3931,29,Sci-Fi,118,4,99
3932,32,Horror,27,4,85
3933,56,Action,104,1,44
3934,35,Documentary,65,3,41
3935,47,Horror,78,6,87
3936,60,Horror,113,6,65
3937,49,Documentary,118,7,51
3938,46,Horror,110,6,61
3939,38,Drama,70,3,62
3940,57,Sci-Fi,101,4,71
3941,44,Horror,27,1,83
3942,47,Kids,24,2,87
3943,18,Kids,97,1,85
3944,51,Sci-Fi,52,6,59
3945,33,Romance,106,3,57
3946,45,Documentary,31,7,71
3947,57,Drama,93,6,50
3948,40,Kids,46,7,46
3949,29,Drama,44,6,55
3950,39,Horror,113,7,75
3951,53,Comedy,57,1,91
3952,50,Documentary,104,2,77
3953,60,Horror,81,3,84
3954,42,Romance,107,3,45
3955,40,Comedy,15,1,85
3956,23,Romance,33,5,89
3957,21,Drama,36,2,94
3958,57,Drama,88,7,89
3959,60,Drama,105,3,72
3960,32,Romance,76,6,54
3961,46,Drama,80,1,52
3962,29,Romance,81,7,55
3963,51,Kids,38,7,73
3964,39,Romance,12,3,88
3965,27,Action,42,7,88
3966,52,Comedy,58,2,78
3967,21,Sci-Fi,76,7,55
3968,58,Sci-Fi,84,1,96
3969,24,Drama,110,7,82
3970,20,Horror,11,2,73
3971,39,Sci-Fi,7,6,52
3972,39,Romance,8,7,77
3973,29,Comedy,88,6,71
3974,48,Romance,108,7,89
3975,25,Action,102,4,57
3976,40,Sci-Fi,79,6,64
3977,55,Kids,65,6,70
3978,35,Sci-Fi,41,4,45
3979,27,Romance,74,5,47
3980,55,Horror,62,1,97
3981,60,Drama,83,3,67
3982,28,Comedy,11,5,81
3983,59,Kids,53,1,89
3984,53,Kids,75,6,80
3985,44,Romance,93,2,68
3986,37,Documentary,55,5,57
3987,27,Romance,75,5,62
3988,38,Sci-Fi,36,4,69
3989,39,Romance,105,6,46
3990,46,Horror,70,6,47
3991,28,Horror,102,3,65
3992,26,Documentary,49,6,79
3993,43,Sci-Fi,86,2,48
3994,22,Comedy,48,3,60
3995,21,Action,32,2,73
3996,31,Documentary,31,5,52
3997,58,Documentary,10,6,64
3998,33,Documentary,53,1,55
3999,56,Comedy,89,2,50
4000,47,Drama,27,4,98
4001,29,Sci-Fi,35,4,69
4002,49,Drama,46,2,59
4003,60,Comedy,61,4,80
4004,51,Sci-Fi,63,7,91
4005,50,Kids,22,7,94
4006,23,Kids,106,3,44
4007,38,Romance,7,3,73
4008,44,Romance,81,3,96
4009,29,Sci-Fi,115,3,47
4010,18,Action,33,5,71
4011,43,Romance,40,1,70
4012,18,Action,85,6,65
4013,41,Action,34,6,46
4014,58,Sci-Fi,88,5,63
4015,59,Horror,107,4,97
4016,21,Sci-Fi,37,6,55
4017,53,Documentary,54,7,70
4018,43,Drama,120,6,87
4019,24,Action,95,4,85
4020,36,Action,83,7,49
4021,44,Documentary,114,6,80
4022,45,Sci-Fi,17,6,94
4023,30,Action,73,1,42
4024,53,Kids,78,5,82
4025,43,Documentary,61,6,41
4026,19,Kids,58,4,49
4027,36,Comedy,110,7,73
4028,55,Sci-Fi,91,5,61
4029,52,Sci-Fi,51,2,41
4030,31,Action,65,4,83
4031,20,Drama,36,3,81
4032,36,Action,24,6,61
4033,48,Documentary,111,7,69
4034,47,Kids,54,6,66
4035,31,Kids,19,6,74
4036,27,Horror,37,2,77
4037,26,Sci-Fi,83,2,64
4038,25,Kids,91,7,62
4039,24,Action,95,5,96
4040,56,Action,39,6,87
4041,41,Horror,44,7,83
4042,55,Romance,34,7,92
4043,59,Sci-Fi,25,1,66
4044,30,Action,102,1,73
4045,45,Comedy,72,4,89
4046,43,Drama,81,5,46
4047,55,Romance,71,5,70
4048,35,Drama,108,4,45
4049,55,Romance,75,6,68
4050,48,Documentary,47,4,81
4051,23,Horror,100,1,85
4052,46,Documentary,61,2,97
4053,38,Romance,39,4,91
4054,18,Romance,49,3,47
4055,47,Romance,64,7,42
4056,46,Sci-Fi,87,4,70
4057,18,Sci-Fi,66,6,80
4058,21,Kids,21,4,45
4059,51,Romance,46,5,46
4060,48,Documentary,36,6,60
4061,39,Horror,96,1,43
4062,55,Kids,117,4,80
4063,25,Romance,114,4,78
4064,19,Horror,42,6,64
4065,46,Comedy,18,6,50
4066,21,Sci-Fi,52,3,63
4067,21,Drama,56,4,49
4068,32,Sci-Fi,7,7,73
4069,55,Sci-Fi,34,5,96
4070,55,Sci-Fi,106,7,68
4071,29,Horror,69,2,68
4072,38,Sci-Fi,82,6,72
4073,54,Kids,102,3,52
4074,18,Documentary,11,1,47
4075,28,Comedy,107,2,100
4076,33,Comedy,58,2,41
4077,29,Action,85,5,65
4078,26,Action,20,4,93
4079,34,Sci-Fi,116,4,55
4080,24,Drama,104,2,80
4081,24,Documentary,9,5,71
4082,31,Comedy,38,7,61
4083,39,Drama,70,2,59
4084,48,Action,53,1,95
4085,54,Action,22,1,55
4086,33,Kids,79,5,49
4087,44,Horror,25,6,61
4088,33,Sci-Fi,26,6,70
4089,27,Drama,46,4,65
4090,30,Drama,6,6,45
4091,21,Comedy,29,1,56
4092,31,Comedy,74,2,57
4093,58,Comedy,75,1,83
4094,32,Sci-Fi,31,4,49
4095,25,Sci-Fi,45,6,94
4096,29,Romance,7,6,86
4097,44,Drama,100,5,49
4098,55,Sci-Fi,108,3,93
4099,40,Horror,113,1,48
4100,18,Sci-Fi,62,7,83
4101,29,Kids,99,1,68
4102,26,Sci-Fi,86,3,54
4103,47,Horror,54,4,44
4104,39,Action,87,2,68
4105,27,Drama,62,7,56
4106,38,Action,80,2,76
4107,18,Action,76,5,41
4108,28,Action,101,3,89
4109,47,Documentary,52,6,68
4110,57,Romance,88,2,91
4111,58,Horror,25,5,94
4112,58,Documentary,24,7,96
4113,60,Horror,21,2,71
4114,38,Drama,54,4,51
4115,60,Horror,78,7,95
4116,21,Kids,95,4,76
4117,56,Horror,106,7,100
4118,27,Horror,12,5,68
4119,38,Action,120,2,50
4120,23,Romance,114,6,51
4121,46,Action,39,1,44
4122,52,Romance,95,3,80
4123,23,Romance,68,7,47
4124,38,Drama,16,1,97
4125,27,Sci-Fi,46,1,74
4126,46,Kids,12,7,46
4127,21,Comedy,78,1,77
4128,47,Sci-Fi,92,4,61
4129,51,Comedy,78,2,79
4130,60,Sci-Fi,22,4,44
4131,27,Sci-Fi,110,5,81
4132,20,Drama,116,6,97
4133,50,Horror,57,1,44
4134,55,Horror,58,5,94
4135,48,Horror,46,1,48
4136,57,Documentary,119,2,47
4137,21,Comedy,101,6,47
4138,23,Kids,64,3,86
4139,38,Action,78,1,71
4140,22,Romance,84,3,53
4141,26,Sci-Fi,6,7,48
4142,60,Romance,82,3,53
4143,27,Comedy,44,2,71
4144,51,Sci-Fi,80,3,70
4145,18,Sci-Fi,77,1,100
4146,41,Sci-Fi,52,3,64
4147,31,Horror,65,4,69
4148,53,Documentary,84,3,41
4149,50,Sci-Fi,26,2,43
4150,43,Kids,64,5,51
4151,57,Sci-Fi,30,5,88
4152,49,Comedy,33,1,65
4153,49,Horror,111,4,87
4154,47,Action,50,6,54
4155,58,Documentary,26,4,72
4156,49,Romance,32,2,96
4157,27,Comedy,16,7,75
4158,35,Drama,116,1,58
4159,55,Sci-Fi,112,2,87
4160,37,Comedy,119,7,57
4161,51,Sci-Fi,40,7,78
4162,50,Action,9,7,68
4163,22,Romance,46,2,98
4164,25,Kids,87,4,83
4165,47,Documentary,109,5,100
4166,20,Documentary,11,5,43
4167,37,Romance,16,1,85
4168,48,Documentary,15,4,82
4169,31,Drama,63,4,83
4170,57,Drama,30,7,58
4171,36,Sci-Fi,100,2,71
4172,46,Comedy,11,1,76
4173,51,Kids,6,7,82
4174,27,Documentary,62,6,43
4175,47,Action,105,3,73
4176,48,Horror,84,5,54
4177,19,Horror,94,7,82
4178,39,Romance,116,1,78
4179,41,Drama,83,6,45
4180,34,Comedy,14,3,44
4181,24,Action,35,2,53
4182,29,Kids,65,7,94
4183,59,Kids,41,4,92
4184,35,Kids,100,7,83
4185,55,Romance,119,3,85
4186,59,Documentary,79,1,46
4187,58,Romance,35,2,81
4188,24,Action,75,7,48
4189,46,Horror,114,5,76
4190,39,Romance,118,6,54
4191,37,Drama,104,4,49
4192,45,Horror,95,6,51
4193,39,Drama,47,6,82
4194,37,Kids,87,7,52
4195,60,Action,18,3,79
4196,42,Romance,104,1,58
4197,59,Romance,68,2,75
4198,31,Documentary,72,7,78
4199,48,Documentary,21,2,71
4200,50,Sci-Fi,56,2,67
4201,42,Drama,106,1,77
4202,29,Action,74,5,73
4203,36,Action,112,3,50
4204,37,Documentary,32,2,54
4205,18,Sci-Fi,92,6,58
4206,36,Drama,69,4,41
4207,44,Action,99,4,90
4208,42,Drama,32,3,70
4209,50,Sci-Fi,47,4,83
4210,24,Sci-Fi,10,1,40
4211,47,Drama,117,3,93
4212,50,Documentary,58,3,41
4213,42,Romance,95,7,51
4214,31,Sci-Fi,28,7,40
4215,22,Comedy,49,4,81
4216,47,Horror,42,4,78
4217,36,Sci-Fi,64,4,57
4218,19,Comedy,78,3,96
4219,21,Horror,87,6,97
4220,45,Romance,20,1,42
4221,53,Documentary,90,5,80
4222,22,Documentary,74,6,59
4223,39,Kids,24,3,77
4224,53,Comedy,32,7,65
4225,50,Kids,35,3,52
4226,25,Romance,8,1,84
4227,29,Drama,43,4,70
4228,46,Action,69,4,48
4229,49,Comedy,36,3,69
4230,50,Documentary,32,2,90
4231,35,Horror,9,7,40
4232,55,Kids,86,6,57
4233,52,Kids,105,1,47
4234,26,Action,49,7,95
4235,43,Drama,120,4,81
4236,20,Comedy,117,3,90
4237,36,Comedy,80,2,88
4238,39,Documentary,68,4,47
4239,29,Action,24,6,43
4240,53,Comedy,57,2,48
4241,24,Drama,74,3,60
4242,27,Horror,73,2,84
4243,30,Comedy,17,7,70
4244,49,Documentary,39,5,99
4245,44,Drama,56,3,78
4246,53,Action,106,2,80
4247,57,Comedy,5,5,67
4248,20,Horror,96,6,55
4249,21,Kids,11,6,80
4250,53,Action,63,4,76
4251,27,Sci-Fi,32,1,80
4252,44,Romance,90,3,86
4253,52,Sci-Fi,67,1,58
4254,30,Documentary,83,3,65
4255,23,Romance,36,3,92
4256,43,Sci-Fi,25,6,97
4257,39,Comedy,6,1,50
4258,43,Sci-Fi,52,6,88
4259,23,Drama,39,6,94
4260,24,Horror,79,6,54
4261,29,Romance,96,5,80
4262,28,Action,48,5,80
4263,18,Horror,87,6,59
4264,18,Sci-Fi,30,2,51
4265,26,Horror,92,7,48
4266,37,Horror,26,1,100
4267,24,Documentary,21,1,76
4268,29,Sci-Fi,44,5,97
4269,52,Kids,35,3,47
4270,45,Horror,24,4,50
4271,53,Horror,75,3,96
4272,34,Documentary,101,2,46
4273,35,Drama,21,1,83
4274,57,Action,84,4,81
4275,19,Documentary,53,4,47
4276,37,Comedy,85,4,92
4277,41,Horror,55,6,58
4278,38,Comedy,97,2,97
4279,45,Documentary,31,5,64
4280,52,Documentary,43,1,47
4281,22,Sci-Fi,45,6,57
4282,18,Drama,44,3,49
4283,51,Sci-Fi,99,3,41
4284,27,Horror,37,4,82
4285,42,Action,53,5,77
4286,49,Kids,83,2,71
4287,29,Romance,106,2,50
4288,58,Horror,117,3,73
4289,36,Kids,36,2,61
4290,31,Sci-Fi,22,4,67
4291,53,Romance,8,2,77
4292,41,Romance,29,4,87
4293,47,Drama,64,1,77
4294,47,Romance,91,6,76
4295,36,Action,83,1,74
4296,24,Drama,68,6,78
4297,52,Sci-Fi,55,7,55
4298,47,Comedy,99,6,43
4299,25,Drama,30,3,92
4300,24,Action,27,2,62
4301,39,Romance,96,7,86
4302,19,Documentary,9,4,82
4303,57,Documentary,68,1,73
4304,60,Comedy,27,7,65
4305,19,Drama,35,1,59
4306,20,Comedy,77,6,83
4307,19,Kids,67,4,63
4308,32,Documentary,34,6,73
4309,58,Horror,42,5,55
4310,59,Documentary,81,5,68
4311,35,Comedy,41,3,67
4312,21,Drama,39,7,42
4313,20,Drama,111,7,56
4314,18,Sci-Fi,89,5,78
4315,54,Documentary,69,5,71
4316,25,Horror,73,7,43
4317,41,Sci-Fi,48,2,57
4318,51,Horror,25,6,90
4319,53,Action,90,2,76
4320,55,Comedy,33,6,71
4321,30,Kids,72,1,58
4322,49,Comedy,52,4,40
4323,60,Sci-Fi,78,3,94
4324,18,Kids,116,2,50
4325,29,Drama,9,1,99
4326,25,Comedy,104,3,87
4327,18,Drama,41,5,46
4328,55,Sci-Fi,78,3,83
4329,32,Drama,33,6,63
4330,44,Documentary,105,4,92
4331,18,Kids,115,5,47
4332,55,Comedy,20,5,79
4333,54,Romance,42,5,88
4334,18,Action,36,3,40
4335,32,Kids,49,4,81
4336,20,Comedy,60,4,81
4337,41,Romance,24,7,46
4338,49,Sci-Fi,102,6,43
4339,25,Comedy,38,3,93
4340,56,Kids,108,7,60
4341,33,Action,54,7,45
4342,36,Documentary,106,6,68
4343,34,Drama,71,6,74
4344,30,Romance,62,6,76
4345,46,Romance,76,2,84
4346,20,Documentary,53,7,65
4347,31,Horror,71,6,63
4348,59,Drama,41,5,70
4349,47,Sci-Fi,49,6,92
4350,52,Action,9,3,87
4351,60,Action,95,6,76
4352,42,Kids,114,4,90
4353,36,Comedy,37,1,98
4354,21,Horror,102,2,49
4355,24,Romance,118,1,68
4356,35,Sci-Fi,77,1,84
4357,45,Comedy,103,4,60
4358,24,Sci-Fi,55,5,53
4359,22,Horror,31,7,91
4360,56,Kids,107,2,89
4361,33,Documentary,27,7,57
4362,33,Drama,81,1,60
4363,57,Drama,72,3,53
4364,36,Action,38,7,47
4365,40,Action,102,1,88
4366,19,Drama,118,6,48
4367,29,Action,28,4,75
4368,42,Documentary,43,7,95
4369,49,Comedy,40,2,82
4370,36,Documentary,56,2,61
4371,34,Kids,6,6,49
4372,31,Kids,60,4,95
4373,42,Horror,64,7,100
4374,27,Romance,54,6,71
4375,47,Documentary,11,5,93
4376,42,Drama,61,6,41
4377,42,Documentary,70,5,42
4378,35,Kids,48,2,61
4379,43,Kids,49,3,48
4380,26,Action,90,5,65
4381,45,Documentary,57,3,42
4382,60,Romance,9,2,69
4383,32,Horror,73,1,43
4384,54,Action,36,4,93
4385,22,Romance,98,4,82
4386,37,Drama,111,4,98
4387,28,Comedy,71,6,87
4388,32,Documentary,105,1,59
4389,19,Comedy,117,1,55
4390,24,Action,95,6,70
4391,51,Romance,15,2,80
4392,50,Comedy,90,3,76
4393,40,Comedy,113,6,42
4394,26,Action,89,2,84
4395,55,Romance,49,7,63
4396,38,Comedy,101,6,45
4397,44,Comedy,21,5,49
4398,32,Documentary,84,4,87
4399,29,Drama,76,4,48
4400,55,Comedy,13,1,42
4401,34,Action,57,7,63
4402,20,Horror,116,3,51
4403,40,Kids,24,5,80
4404,58,Kids,14,4,87
4405,58,Sci-Fi,24,2,48
4406,35,Drama,103,6,77
4407,22,Documentary,15,7,71
4408,23,Comedy,45,3,82
4409,19,Action,42,7,84
4410,19,Action,98,6,90
4411,42,Action,105,1,43
4412,39,Documentary,105,5,46
4413,31,Comedy,83,2,76
4414,55,Kids,77,2,73
4415,52,Romance,5,2,88
4416,39,Horror,86,6,81
4417,42,Comedy,82,2,81
4418,19,Horror,69,3,53
4419,53,Comedy,110,1,56
4420,60,Sci-Fi,85,2,44
4421,44,Horror,6,3,41
4422,40,Action,63,3,87
4423,42,Kids,52,6,82
4424,40,Drama,101,2,44
4425,30,Action,14,6,99
4426,51,Sci-Fi,26,6,55
4427,37,Comedy,85,2,84
4428,19,Sci-Fi,50,6,71
4429,48,Romance,81,3,45
4430,18,Kids,32,6,83
4431,32,Drama,103,3,60
4432,59,Documentary,116,7,88
4433,24,Documentary,46,5,75
4434,50,Comedy,22,3,66
4435,31,Horror,97,5,89
4436,30,Kids,100,4,65
4437,59,Horror,94,5,84
4438,43,Documentary,60,4,60
4439,33,Comedy,106,5,52
4440,57,Action,108,5,95
4441,54,Drama,26,7,91
4442,31,Horror,67,5,56
4443,39,Romance,89,7,98
4444,42,Kids,111,3,57
4445,39,Sci-Fi,90,1,87
4446,47,Kids,105,2,50
4447,40,Horror,82,7,58
4448,37,Drama,115,2,95
4449,36,Sci-Fi,104,2,41
4450,52,Documentary,32,5,66
4451,46,Comedy,107,4,67
4452,25,Drama,47,3,95
4453,29,Horror,91,6,60
4454,22,Comedy,20,7,70
4455,49,Horror,21,4,76
4456,39,Documentary,72,5,52
4457,36,Sci-Fi,118,6,98
4458,37,Sci-Fi,94,3,80
4459,36,Comedy,109,3,72
4460,46,Drama,69,7,53
4461,53,Romance,24,4,97
4462,26,Documentary,47,2,49
4463,58,Sci-Fi,59,1,90
4464,25,Horror,41,3,90
4465,43,Romance,102,3,89
4466,42,Documentary,101,2,66
4467,23,Kids,62,7,68
4468,38,Drama,54,1,70
4469,53,Action,64,7,82
4470,25,Drama,40,5,59
4471,47,Documentary,50,7,60
4472,47,Kids,28,6,68
4473,55,Sci-Fi,101,1,60
4474,25,Romance,114,6,42
4475,23,Romance,48,6,97
4476,31,Kids,53,4,65
4477,42,Documentary,24,6,98
4478,59,Documentary,80,4,47
4479,58,Action,38,7,60
4480,35,Horror,108,7,97
4481,30,Kids,69,1,65
4482,45,Comedy,62,5,98
4483,40,Sci-Fi,97,6,61
4484,52,Horror,30,5,93
4485,44,Sci-Fi,71,5,56
4486,59,Sci-Fi,22,3,64
4487,30,Sci-Fi,13,4,60
4488,50,Documentary,118,5,57
4489,29,Horror,79,6,97
4490,41,Documentary,88,2,81
4491,28,Comedy,71,2,40
4492,43,Romance,12,1,95
4493,50,Horror,7,2,68
4494,40,Drama,101,1,76
4495,41,Action,103,7,89
4496,53,Kids,84,5,43
4497,45,Action,59,4,81
4498,49,Action,83,2,98
4499,18,Comedy,64,5,96
4500,40,Horror,7,2,97
4501,34,Action,104,1,97
4502,25,Documentary,19,4,66
4503,25,Sci-Fi,110,4,58
4504,51,Comedy,81,6,85
4505,31,Kids,53,4,56
4506,21,Kids,28,4,65
4507,35,Romance,6,5,68
4508,33,Kids,29,3,45
4509,37,Kids,67,5,60
4510,26,Sci-Fi,39,5,69
4511,25,Horror,46,6,98
4512,38,Romance,26,6,86
4513,39,Romance,42,3,66
4514,24,Romance,22,7,98
4515,50,Kids,5,7,97
4516,38,Drama,55,3,76
4517,28,Horror,47,6,51
4518,56,Drama,64,5,68
4519,58,Drama,63,7,40
4520,18,Kids,106,6,76
4521,31,Horror,64,4,41
4522,22,Drama,101,6,42
4523,59,Action,5,3,84
4524,28,Kids,62,3,100
4525,20,Documentary,31,7,70
4526,47,Sci-Fi,83,1,93
4527,23,Sci-Fi,92,7,88
4528,20,Drama,6,4,52
4529,49,Documentary,68,2,89
4530,19,Romance,120,5,66
4531,26,Documentary,81,3,49
4532,52,Sci-Fi,53,6,57
4533,36,Action,40,2,53
4534,55,Documentary,24,6,51
4535,40,Horror,50,1,60
4536,45,Romance,69,1,85
4537,60,Romance,104,7,70
4538,20,Horror,71,2,72
4539,53,Romance,17,2,43
4540,33,Documentary,114,4,89
4541,19,Drama,23,7,60
4542,55,Horror,14,1,82
4543,25,Action,96,5,76
4544,36,Drama,94,1,84
4545,20,Sci-Fi,119,5,89
4546,39,Drama,101,1,60
4547,21,Comedy,78,3,40
4548,29,Action,54,4,68
4549,35,Horror,7,5,96
4550,52,Sci-Fi,24,4,45
4551,36,Kids,75,2,49
4552,37,Drama,51,4,88
4553,54,Sci-Fi,100,1,49
4554,52,Documentary,110,7,98
4555,26,Action,55,6,61
4556,21,Action,62,1,72
4557,59,Horror,34,5,54
4558,30,Sci-Fi,62,3,40
4559,31,Drama,43,3,94
4560,49,Kids,108,5,87
4561,42,Documentary,34,2,88
4562,59,Sci-Fi,75,7,52
4563,36,Horror,22,7,77
4564,35,Action,109,2,93
4565,26,Horror,58,1,56
4566,39,Documentary,80,7,89
4567,52,Drama,116,4,82
4568,52,Action,61,7,57
4569,43,Drama,116,3,57
4570,50,Romance,59,3,50
4571,18,Sci-Fi,5,1,76
4572,38,Horror,51,1,88
4573,34,Kids,100,5,73
4574,32,Action,40,3,69
4575,58,Action,41,1,99
4576,54,Drama,92,6,49
4577,47,Comedy,75,1,89
4578,24,Comedy,109,2,72
4579,30,Action,61,7,63
4580,41,Horror,66,6,89
4581,45,Drama,65,6,62
4582,51,Documentary,15,6,50
4583,39,Comedy,30,5,61
4584,24,Action,35,3,84
4585,28,Kids,73,6,83
4586,42,Horror,85,2,73
4587,26,Sci-Fi,58,7,40
4588,47,Romance,49,2,89
4589,56,Action,41,3,71
4590,42,Action,10,6,81
4591,51,Documentary,118,4,48
4592,43,Kids,105,3,84
4593,32,Drama,56,3,85
4594,29,Kids,31,7,44
4595,47,Drama,66,3,91
4596,56,Comedy,49,6,57
4597,46,Romance,19,4,60
4598,25,Sci-Fi,30,3,47
4599,55,Drama,82,4,42
4600,33,Romance,70,7,41
4601,59,Action,115,5,96
4602,46,Action,88,5,74
4603,40,Sci-Fi,82,6,86
4604,26,Horror,93,5,43
4605,20,Action,103,7,60
4606,42,Horror,53,6,63
4607,25,Action,29,2,53
4608,54,Horror,87,1,62
4609,49,Sci-Fi,73,2,61
4610,18,Comedy,22,4,54
4611,56,Action,116,5,45
4612,34,Drama,67,5,53
4613,32,Romance,8,1,64
4614,55,Comedy,32,7,50
4615,56,Documentary,59,4,48
4616,35,Sci-Fi,43,1,46
4617,23,Sci-Fi,11,2,97
4618,54,Comedy,25,6,76
4619,45,Comedy,64,4,87
4620,27,Documentary,98,3,97
4621,51,Comedy,100,5,89
4622,44,Sci-Fi,32,5,99
4623,57,Kids,5,3,88
4624,30,Horror,66,5,45
4625,31,Kids,119,3,64
4626,28,Romance,14,4,96
4627,49,Sci-Fi,116,7,69
4628,48,Kids,55,1,59
4629,57,Drama,36,6,42
4630,20,Sci-Fi,97,4,62
4631,53,Drama,100,6,67
4632,47,Romance,60,6,81
4633,43,Romance,100,2,49
4634,31,Documentary,120,3,72
4635,19,Drama,50,6,42
4636,44,Horror,41,5,99
4637,53,Comedy,68,6,87
4638,46,Romance,48,1,56
4639,47,Kids,41,1,97
4640,44,Horror,64,7,82
4641,20,Action,86,4,72
4642,46,Kids,98,3,59
4643,40,Comedy,120,1,58
4644,39,Kids,25,1,85
4645,50,Romance,16,5,89
4646,44,Kids,12,1,76
4647,60,Comedy,35,7,61
4648,32,Action,62,6,50
4649,44,Documentary,12,5,73
4650,46,Documentary,107,6,80
4651,42,Horror,119,7,71
4652,40,Action,102,7,76
4653,38,Horror,39,1,52
4654,28,Comedy,90,4,89
4655,37,Drama,117,2,57
4656,39,Drama,99,1,48
4657,28,Action,10,5,75
4658,31,Drama,7,5,61
4659,44,Comedy,25,6,95
4660,45,Sci-Fi,32,3,76
4661,59,Horror,117,3,81
4662,23,Documentary,35,3,91
4663,42,Horror,28,7,99
4664,60,Horror,119,3,71
4665,38,Kids,25,1,70
4666,24,Kids,67,4,41
4667,51,Comedy,47,3,77
4668,19,Comedy,68,6,86
4669,54,Comedy,35,7,72
4670,29,Comedy,49,7,41
4671,41,Comedy,101,7,99
4672,25,Comedy,53,6,43
4673,37,Documentary,78,4,89
4674,34,Horror,49,1,98
4675,48,Kids,64,7,40
4676,41,Romance,40,1,78
4677,42,Kids,24,6,69
4678,42,Action,7,2,95
4679,44,Comedy,52,5,78
4680,40,Sci-Fi,16,1,65
4681,23,Comedy,51,7,100
4682,42,Drama,81,2,49
4683,47,Romance,66,2,74
4684,27,Documentary,91,7,77
4685,56,Romance,68,4,52
4686,36,Action,73,6,86
4687,33,Romance,103,5,82
4688,31,Action,5,2,82
4689,35,Comedy,110,3,64
4690,54,Kids,97,7,56
4691,40,Drama,108,7,99
4692,60,Documentary,38,2,80
4693,44,Kids,68,7,67
4694,40,Action,44,1,74
4695,45,Action,96,1,90
4696,32,Kids,45,2,65
4697,52,Action,75,1,53
4698,55,Kids,33,5,58
4699,42,Romance,25,2,63
4700,19,Action,98,7,92
4701,21,Drama,34,5,52
4702,50,Romance,53,3,74
4703,30,Comedy,88,1,42
4704,44,Action,85,6,82
4705,42,Documentary,13,2,53
4706,40,Romance,20,5,73
4707,55,Romance,41,2,41
4708,54,Sci-Fi,84,6,95
4709,18,Romance,120,5,70
4710,31,Drama,32,7,42
4711,33,Comedy,74,3,52
4712,23,Drama,101,5,100
4713,45,Documentary,103,4,87
4714,46,Horror,73,6,46
4715,31,Sci-Fi,65,7,72
4716,33,Documentary,22,6,76
4717,46,Documentary,105,4,77
4718,41,Documentary,67,3,50
4719,35,Drama,16,2,48
4720,57,Documentary,5,5,63
4721,57,Action,22,1,97
4722,24,Horror,44,1,97
4723,51,Sci-Fi,72,2,78
4724,33,Sci-Fi,65,6,94
4725,23,Horror,49,7,75
4726,38,Kids,60,7,67
4727,58,Romance,94,4,58
4728,33,Action,92,7,87
4729,58,Comedy,68,3,52
4730,21,Romance,72,2,46
4731,37,Documentary,104,2,67
4732,29,Sci-Fi,78,2,47
4733,38,Kids,59,3,45
4734,51,Documentary,41,5,83
4735,19,Kids,101,4,79
4736,36,Documentary,66,1,41
4737,46,Documentary,28,4,78
4738,32,Comedy,107,4,63
4739,31,Romance,28,4,96
4740,49,Comedy,10,2,59
4741,45,Kids,100,7,76
4742,21,Comedy,18,6,71
4743,34,Action,61,6,87
4744,58,Romance,104,4,45
4745,42,Documentary,113,3,59
4746,26,Kids,107,6,90
4747,42,Romance,53,3,62
4748,54,Sci-Fi,108,2,46
4749,48,Comedy,6,7,70
4750,28,Comedy,22,3,56
4751,27,Drama,70,6,77
4752,49,Kids,23,2,80
4753,36,Comedy,54,7,60
4754,39,Drama,12,3,74
4755,27,Sci-Fi,42,5,43
4756,45,Sci-Fi,19,2,80
4757,19,Comedy,80,6,43
4758,33,Action,20,7,98
4759,30,Comedy,15,2,48
4760,34,Drama,105,5,77
4761,18,Sci-Fi,76,1,91
4762,58,Sci-Fi,96,5,81
4763,48,Action,28,3,51
4764,57,Action,96,1,53
4765,49,Drama,25,2,41
4766,19,Documentary,118,6,92
4767,20,Sci-Fi,34,3,70
4768,28,Drama,20,4,45
4769,25,Kids,77,5,62
4770,29,Drama,18,5,79
4771,23,Romance,75,1,42
4772,29,Drama,6,3,56
4773,24,Drama,64,4,95
4774,41,Documentary,17,7,82
4775,48,Kids,80,3,46
4776,28,Drama,62,6,91
4777,44,Documentary,71,1,50
4778,32,Horror,100,5,63
4779,29,Action,10,2,94
4780,42,Drama,45,5,89
4781,50,Drama,53,6,74
4782,43,Documentary,27,5,85
4783,27,Sci-Fi,39,3,77
4784,48,Kids,26,1,98
4785,54,Drama,51,6,81
4786,26,Horror,6,6,94
4787,26,Comedy,113,1,87
4788,41,Horror,20,4,58
4789,18,Drama,63,2,62
4790,23,Romance,63,6,46
4791,38,Romance,79,3,51
4792,22,Documentary,105,1,95
4793,50,Drama,89,5,47
4794,37,Comedy,43,7,68
4795,46,Sci-Fi,101,1,92
4796,29,Horror,5,5,48
4797,53,Documentary,14,4,85
4798,56,Documentary,87,4,95
4799,42,Horror,115,6,54
4800,35,Horror,69,6,90
4801,21,Action,104,3,88
4802,34,Sci-Fi,55,2,52
4803,27,Drama,43,1,72
4804,27,Drama,105,2,98
4805,39,Sci-Fi,109,2,90
4806,45,Kids,61,1,77
4807,42,Kids,83,5,76
4808,48,Documentary,44,6,79
4809,26,Drama,38,2,51
4810,29,Horror,74,7,99
4811,31,Action,96,7,78
4812,30,Romance,115,5,84
4813,34,Horror,105,4,90
4814,39,Sci-Fi,65,4,66
4815,49,Horror,34,7,94
4816,46,Horror,19,3,52
4817,54,Comedy,113,2,65
4818,44,Sci-Fi,114,4,56
4819,25,Comedy,69,2,72
4820,35,Horror,12,2,100
4821,20,Romance,117,5,63
4822,23,Drama,9,5,73
4823,50,Comedy,111,2,89
4824,59,Comedy,13,4,44
4825,31,Sci-Fi,66,5,73
4826,50,Sci-Fi,17,4,91
4827,27,Documentary,114,1,62
4828,32,Action,10,1,50
4829,23,Sci-Fi,59,2,78
4830,18,Horror,116,6,65
4831,58,Sci-Fi,69,4,41
4832,59,Romance,39,3,78
4833,58,Kids,43,7,77
4834,54,Romance,81,5,79
4835,59,Horror,69,1,75
4836,46,Drama,5,2,55
4837,58,Horror,26,1,44
4838,20,Kids,10,6,60
4839,47,Drama,33,2,93
4840,39,Comedy,36,7,65
4841,48,Documentary,26,4,62
4842,32,Action,112,6,76
4843,60,Action,92,6,82
4844,23,Drama,52,5,89
4845,25,Romance,104,4,97
4846,50,Comedy,42,7,90
4847,22,Romance,22,1,48
4848,25,Action,16,5,77
4849,25,Sci-Fi,35,3,75
4850,20,Romance,51,7,97
4851,55,Drama,71,2,75
4852,48,Horror,30,2,45
4853,57,Kids,52,5,58
4854,53,Horror,97,1,53
4855,29,Drama,71,7,96
4856,22,Comedy,15,1,88
4857,58,Kids,56,5,44
4858,59,Action,23,3,76
4859,47,Kids,65,4,49
4860,26,Horror,90,1,82
4861,32,Kids,64,4,96
4862,58,Kids,73,7,57
4863,21,Horror,73,2,87
4864,47,Documentary,116,4,73
4865,41,Documentary,32,2,72
4866,53,Action,77,5,99
4867,26,Documentary,47,6,79
4868,33,Drama,109,7,56
4869,51,Comedy,17,3,90
4870,36,Kids,40,2,93
4871,24,Action,28,5,83
4872,35,Kids,48,7,76
4873,32,Drama,113,1,56
4874,31,Action,6,1,55
4875,55,Horror,56,6,88
4876,45,Romance,41,5,40
4877,26,Kids,28,1,76
4878,57,Horror,33,5,73
4879,25,Kids,65,5,63
4880,56,Comedy,46,2,74
4881,60,Kids,21,2,97
4882,24,Comedy,35,3,41
4883,24,Romance,114,1,65
4884,27,Horror,72,2,48
4885,35,Documentary,80,1,96
4886,48,Documentary,103,3,65
4887,39,Drama,75,2,51
4888,49,Action,26,4,65
4889,21,Romance,41,1,48
4890,32,Comedy,6,4,48
4891,60,Drama,89,7,50
4892,30,Documentary,102,6,94
4893,20,Comedy,87,6,69
4894,47,Romance,10,7,54
4895,48,Kids,120,4,75
4896,25,Romance,103,2,74
4897,37,Action,101,5,66
4898,31,Romance,86,5,72
4899,40,Drama,114,2,75
4900,51,Comedy,42,3,83
4901,19,Documentary,42,3,53
4902,18,Horror,21,6,78
4903,23,Romance,38,1,52
4904,47,Romance,112,7,47
4905,35,Horror,13,3,52
4906,27,Kids,24,3,91
4907,31,Documentary,91,3,50
4908,30,Horror,42,1,74
4909,46,Comedy,95,5,85
4910,44,Horror,65,6,67
4911,57,Horror,34,5,83
4912,51,Romance,15,1,58
4913,51,Kids,110,7,77
4914,34,Documentary,88,2,93
4915,33,Drama,28,3,95
4916,25,Romance,54,6,93
4917,25,Drama,90,1,45
4918,27,Romance,37,5,94
4919,25,Sci-Fi,115,3,82
4920,53,Drama,104,1,60
4921,24,Sci-Fi,41,4,64
4922,31,Horror,86,3,79
4923,34,Comedy,32,5,47
4924,33,Action,14,5,72
4925,40,Documentary,96,1,89
4926,43,Romance,114,4,44
4927,46,Comedy,71,5,49
4928,21,Documentary,38,7,67
4929,45,Kids,88,7,96
4930,57,Romance,62,7,50
4931,53,Drama,120,6,45
4932,49,Romance,52,7,48
4933,39,Documentary,34,7,75
4934,29,Kids,96,3,89
4935,51,Horror,110,6,68
4936,28,Romance,24,6,72
4937,21,Action,47,3,62
4938,59,Romance,44,1,66
4939,31,Comedy,103,5,99
4940,29,Sci-Fi,98,6,46
4941,44,Drama,32,7,77
4942,52,Horror,8,3,99
4943,59,Action,60,2,60
4944,32,Horror,95,2,61
4945,58,Comedy,7,6,53
4946,39,Romance,41,6,57
4947,26,Comedy,25,7,40
4948,60,Kids,7,5,44
4949,57,Romance,71,6,84
4950,46,Comedy,10,6,68
4951,22,Drama,119,7,94
4952,49,Sci-Fi,31,5,48
4953,48,Kids,52,3,62
4954,24,Sci-Fi,116,5,74
4955,52,Sci-Fi,96,7,84
4956,36,Sci-Fi,60,2,62
4957,33,Sci-Fi,101,5,88
4958,19,Action,74,1,61
4959,57,Horror,67,1,74
4960,47,Sci-Fi,24,3,94
4961,27,Horror,10,1,74
4962,49,Sci-Fi,72,1,54
4963,26,Sci-Fi,94,4,45
4964,44,Documentary,102,6,43
4965,60,Comedy,22,4,53
4966,35,Drama,23,7,76
4967,43,Comedy,115,1,91
4968,57,Kids,14,3,84
4969,25,Kids,104,6,76
4970,31,Documentary,5,3,86
4971,31,Action,16,6,82
4972,31,Romance,103,5,97
4973,23,Horror,71,4,89
4974,28,Documentary,18,6,44
4975,22,Documentary,107,3,91
4976,54,Action,78,3,65
4977,59,Documentary,59,4,90
4978,41,Romance,96,7,92
4979,39,Comedy,111,7,68
4980,38,Romance,104,7,45
4981,20,Kids,6,6,89
4982,44,Sci-Fi,51,7,56
4983,32,Kids,97,3,68
4984,49,Drama,44,3,96
4985,50,Kids,70,6,49
4986,23,Documentary,109,2,40
4987,33,Sci-Fi,119,4,48
4988,54,Sci-Fi,93,4,53
4989,42,Comedy,78,2,80
4990,37,Documentary,113,6,76
4991,30,Documentary,6,4,93
4992,23,Drama,27,3,91
4993,60,Horror,23,7,84
4994,47,Kids,109,2,90
4995,46,Sci-Fi,5,2,55
4996,24,Drama,45,4,93
4997,20,Kids,109,1,61
4998,24,Action,71,2,52
4999,20,Kids,102,5,86
5000,36,Sci-Fi,13,6,43
5001,40,Drama,84,2,77
5002,54,Sci-Fi,76,3,87
5003,33,Kids,50,5,88
5004,26,Comedy,111,1,90
5005,26,Documentary,70,4,81
5006,45,Drama,68,4,66
5007,32,Horror,79,7,95
5008,34,Romance,102,7,96
5009,33,Action,8,7,58
5010,26,Horror,113,4,80
5011,52,Comedy,85,4,62
5012,54,Comedy,24,1,99
5013,55,Documentary,39,3,40
5014,34,Horror,56,5,56
5015,58,Horror,114,2,41
5016,53,Sci-Fi,82,4,46
5017,56,Horror,114,5,59
5018,46,Documentary,87,4,44
5019,55,Romance,72,4,70
5020,54,Documentary,60,4,57
5021,59,Horror,32,6,71
5022,54,Romance,65,1,66
5023,54,Comedy,77,4,81
5024,49,Comedy,104,6,88
5025,28,Sci-Fi,26,3,96
5026,51,Drama,84,4,69
5027,24,Action,91,7,56
5028,47,Drama,91,4,58
5029,26,Drama,83,3,76
5030,26,Kids,113,3,51
5031,49,Horror,11,5,69
5032,46,Action,53,4,42
5033,32,Documentary,45,3,86
5034,18,Drama,49,5,44
5035,20,Documentary,67,6,53
5036,54,Documentary,77,5,72
5037,45,Comedy,117,5,66
5038,34,Horror,31,4,99
5039,29,Comedy,50,3,87
5040,36,Action,19,3,100
5041,23,Documentary,58,4,57
5042,35,Documentary,116,6,82
5043,44,Comedy,79,4,43
5044,37,Romance,24,1,49
5045,51,Drama,62,2,62
5046,53,Action,61,6,43
5047,48,Kids,26,3,85
5048,25,Drama,69,7,62
5049,50,Comedy,115,7,92
5050,45,Kids,11,7,43
5051,40,Documentary,27,7,43
5052,26,Romance,107,5,80
5053,25,Horror,29,7,86
5054,48,Horror,59,5,69
5055,51,Kids,73,3,46
5056,48,Romance,81,7,83
5057,48,Romance,105,1,72
5058,38,Documentary,26,4,74
5059,31,Kids,113,5,46
5060,53,Romance,35,1,45
5061,43,Sci-Fi,70,4,73
5062,20,Romance,31,2,43
5063,35,Action,40,7,57
5064,20,Horror,72,3,86
5065,48,Romance,19,5,65
5066,32,Drama,79,4,96
5067,38,Romance,38,7,64
5068,46,Documentary,115,6,72
5069,41,Sci-Fi,96,7,48
5070,21,Comedy,70,7,57
5071,47,Comedy,7,3,43
5072,35,Action,36,7,52
5073,57,Documentary,117,6,69
5074,49,Drama,106,7,57
5075,36,Kids,117,6,45
5076,52,Kids,67,4,76
5077,35,Documentary,10,6,63
5078,40,Horror,42,2,83
5079,32,Comedy,29,6,55
5080,31,Action,82,3,81
5081,19,Sci-Fi,86,5,60
5082,19,Comedy,96,5,99
5083,45,Drama,97,5,80
5084,58,Comedy,120,2,73
5085,56,Horror,111,6,80
5086,51,Comedy,118,5,63
5087,36,Comedy,10,1,95
5088,31,Horror,15,3,57
5089,20,Drama,16,6,72
5090,40,Kids,29,2,60
5091,44,Horror,93,3,83
5092,55,Horror,13,6,42
5093,35,Kids,59,4,58
5094,45,Action,110,5,88
5095,36,Romance,5,1,75
5096,46,Romance,50,7,62
5097,43,Comedy,13,4,51
5098,59,Sci-Fi,24,3,53
5099,45,Sci-Fi,28,4,56
5100,44,Comedy,20,6,93
5101,50,Horror,30,6,41
5102,41,Horror,105,6,74
5103,52,Sci-Fi,66,3,49
5104,33,Kids,73,5,78
5105,50,Documentary,104,4,60
5106,36,Drama,51,6,93
5107,45,Action,103,2,93
5108,58,Documentary,46,3,79
5109,22,Documentary,18,4,97
5110,42,Kids,94,7,70
5111,50,Romance,55,1,54
5112,18,Horror,109,1,54
5113,31,Documentary,72,4,93
5114,28,Kids,81,2,95
5115,56,Comedy,35,2,65
5116,28,Documentary,22,1,80
5117,29,Sci-Fi,6,2,82
5118,57,Documentary,68,2,49
5119,40,Sci-Fi,60,4,64
5120,20,Action,92,7,57
5121,18,Documentary,109,1,63
5122,24,Drama,14,7,61
5123,28,Sci-Fi,81,6,66
5124,36,Drama,68,1,69
5125,30,Drama,43,7,92
5126,45,Horror,83,7,83
5127,45,Action,116,3,69
5128,25,Comedy,14,4,44
5129,49,Romance,114,3,79
5130,26,Action,6,2,77
5131,45,Action,68,7,81
5132,57,Comedy,39,6,59
5133,47,Action,100,1,80
5134,26,Horror,8,7,77
5135,21,Horror,53,3,87
5136,21,Kids,88,4,96
5137,30,Action,115,3,73
5138,28,Comedy,110,5,44
5139,22,Horror,36,4,63
5140,29,Romance,45,7,59
5141,30,Sci-Fi,111,1,87
5142,32,Sci-Fi,12,7,81
5143,54,Horror,41,3,46
5144,19,Comedy,94,4,46
5145,58,Kids,85,1,61
5146,19,Romance,51,2,57
5147,42,Romance,88,7,71
5148,42,Action,12,4,73
5149,22,Sci-Fi,100,2,60
5150,24,Kids,67,5,65
5151,30,Horror,75,5,96
5152,58,Sci-Fi,80,5,53
5153,32,Comedy,77,3,65
5154,39,Kids,76,3,78
5155,22,Horror,95,2,87
5156,33,Drama,97,5,41
5157,41,Kids,17,4,64
5158,26,Horror,85,5,72
5159,51,Comedy,63,1,78
5160,42,Drama,26,7,44
5161,46,Documentary,89,7,51
5162,37,Drama,16,4,99
5163,28,Horror,49,2,66
5164,26,Sci-Fi,29,5,74
5165,26,Documentary,54,5,70
5166,42,Documentary,14,2,83
5167,25,Action,40,7,42
5168,24,Horror,91,5,52
5169,27,Sci-Fi,115,4,74
5170,46,Drama,112,6,57
5171,44,Drama,116,2,42
5172,30,Kids,52,7,54
5173,47,Sci-Fi,57,3,98
5174,31,Action,119,7,42
5175,29,Action,10,4,75
5176,35,Drama,102,2,57
5177,34,Action,108,6,100
5178,50,Comedy,25,3,94
5179,56,Kids,98,7,86
5180,34,Horror,72,4,98
5181,38,Drama,19,7,98
5182,21,Comedy,33,5,55
5183,33,Drama,41,2,43
5184,40,Drama,101,3,89
5185,48,Action,94,4,82
5186,32,Documentary,24,4,85
5187,25,Horror,53,4,48
5188,53,Comedy,55,5,79
5189,29,Romance,44,2,52
5190,20,Sci-Fi,11,5,96
5191,53,Action,24,2,72
5192,48,Romance,59,4,90
5193,18,Drama,43,6,57
5194,42,Kids,10,2,72
5195,36,Drama,35,1,59
5196,47,Drama,115,3,99
5197,25,Documentary,49,7,71
5198,21,Documentary,27,6,42
5199,47,Comedy,54,4,44
5200,58,Romance,38,4,59
5201,19,Action,8,3,78
5202,54,Sci-Fi,65,6,89
5203,53,Sci-Fi,40,1,86
5204,56,Romance,120,7,98
5205,45,Drama,59,4,88
5206,48,Sci-Fi,18,7,49
5207,22,Action,91,2,88
5208,52,Kids,40,6,57
5209,20,Comedy,20,7,68
5210,46,Kids,48,5,95
5211,29,Comedy,88,1,40
5212,35,Drama,8,2,56
5213,52,Sci-Fi,64,3,85
5214,55,Comedy,63,2,52
5215,48,Kids,46,5,81
5216,19,Action,6,1,67
5217,25,Sci-Fi,13,4,89
5218,48,Sci-Fi,98,5,51
5219,34,Action,88,2,80
5220,21,Kids,34,1,82
5221,53,Comedy,105,1,93
5222,32,Action,59,7,67
5223,34,Horror,48,4,54
5224,20,Comedy,79,4,73
5225,59,Kids,90,6,73
5226,54,Romance,33,6,89
5227,30,Sci-Fi,45,1,89
5228,42,Horror,119,3,96
5229,38,Documentary,107,1,94
5230,44,Documentary,93,1,90
5231,47,Documentary,95,2,99
5232,25,Romance,117,6,48
5233,50,Comedy,35,7,59
5234,31,Comedy,10,2,92
5235,23,Romance,27,5,90
5236,32,Comedy,76,3,87
5237,45,Kids,48,6,97
5238,24,Action,117,4,93
5239,59,Horror,74,3,47
5240,21,Horror,83,3,59
5241,47,Kids,59,6,55
5242,24,Kids,103,6,94
5243,41,Horror,103,4,42
5244,51,Horror,55,3,42
5245,22,Drama,37,4,63
5246,44,Sci-Fi,116,6,76
5247,28,Horror,78,4,88
5248,25,Documentary,22,4,94
5249,28,Sci-Fi,11,7,77
5250,51,Kids,110,3,100
5251,46,Horror,57,5,65
5252,41,Romance,22,1,98
5253,60,Kids,86,6,55
5254,60,Romance,64,5,83
5255,56,Horror,63,2,45
5256,58,Action,100,2,93
5257,31,Documentary,108,4,79
5258,18,Drama,116,7,55
5259,38,Action,55,4,55
5260,19,Romance,77,1,47
5261,25,Drama,84,7,84
5262,55,Documentary,27,7,58
5263,39,Kids,72,3,53
5264,39,Horror,67,4,56
5265,48,Documentary,36,1,96
5266,28,Action,90,4,98
5267,24,Drama,36,7,50
5268,27,Comedy,98,6,93
5269,24,Action,72,5,46
5270,51,Kids,31,6,78
5271,32,Documentary,19,7,80
5272,51,Horror,52,6,74
5273,21,Horror,38,2,85
5274,23,Comedy,23,6,68
5275,56,Sci-Fi,52,4,67
5276,36,Sci-Fi,110,7,47
5277,27,Romance,11,6,49
5278,56,Action,80,3,99
5279,19,Kids,54,4,52
5280,46,Drama,91,5,46
5281,56,Sci-Fi,13,2,97
5282,53,Drama,20,4,94
5283,25,Sci-Fi,117,1,72
5284,47,Drama,101,7,65
5285,40,Horror,48,2,67
5286,18,Action,112,3,59
5287,53,Sci-Fi,30,6,42
5288,36,Documentary,85,1,72
5289,28,Drama,70,7,89
5290,34,Action,10,3,56
5291,43,Romance,115,4,93
5292,32,Horror,11,3,81
5293,55,Romance,22,5,99
5294,36,Sci-Fi,30,7,69
5295,19,Kids,29,5,92
5296,41,Action,41,3,72
5297,31,Romance,47,2,94
5298,33,Drama,119,2,70
5299,45,Comedy,77,2,59
5300,43,Kids,37,7,59
5301,29,Comedy,11,7,65
5302,57,Horror,18,1,63
5303,27,Kids,70,1,61
5304,45,Comedy,95,7,90
5305,55,Kids,88,5,90
5306,21,Drama,77,4,53
5307,49,Drama,97,1,84
5308,22,Sci-Fi,39,4,53
5309,35,Action,56,1,93
5310,28,Sci-Fi,59,6,65
5311,56,Horror,58,1,88
5312,57,Romance,22,5,44
5313,22,Drama,37,1,79
5314,24,Action,67,5,56
5315,43,Comedy,116,4,93
5316,22,Documentary,11,7,74
5317,52,Documentary,111,2,86
5318,19,Sci-Fi,102,2,84
5319,49,Drama,112,6,60
5320,31,Action,7,3,64
5321,38,Sci-Fi,88,2,79
5322,33,Sci-Fi,17,7,61
5323,38,Horror,85,1,57
5324,39,Romance,51,3,67
5325,26,Drama,18,5,58
5326,33,Romance,76,5,86
5327,23,Sci-Fi,18,4,60
5328,44,Sci-Fi,81,7,65
5329,30,Horror,25,7,93
5330,45,Horror,52,5,85
5331,60,Comedy,39,1,57
5332,30,Romance,58,5,86
5333,20,Romance,96,3,69
5334,47,Comedy,88,1,97
5335,18,Sci-Fi,58,1,56
5336,46,Documentary,6,2,72
5337,23,Romance,90,3,77
5338,33,Sci-Fi,70,6,75
5339,42,Kids,106,4,64
5340,31,Horror,109,1,57
5341,36,Kids,71,5,63
5342,26,Drama,93,3,41
5343,57,Horror,95,5,70
5344,29,Action,87,3,70
5345,25,Comedy,120,5,66
5346,58,Kids,100,7,94
5347,44,Romance,82,1,78
5348,35,Romance,95,6,67
5349,49,Sci-Fi,9,6,60
5350,42,Horror,20,3,70
5351,25,Romance,106,4,79
5352,55,Horror,103,7,91
5353,34,Romance,7,7,43
5354,54,Drama,75,4,79
5355,41,Action,16,3,50
5356,41,Kids,94,2,78
5357,23,Romance,99,2,88
5358,57,Sci-Fi,62,1,84
5359,36,Action,23,6,56
5360,60,Comedy,77,1,83
5361,28,Documentary,98,1,59
5362,40,Romance,39,4,87
5363,48,Documentary,108,2,84
5364,32,Action,119,4,88
5365,20,Kids,31,6,74
5366,24,Romance,40,2,61
5367,44,Sci-Fi,84,1,53
5368,23,Documentary,16,2,95
5369,32,Horror,47,4,93
5370,51,Drama,98,4,99
5371,20,Action,60,4,72
5372,29,Action,63,6,57
5373,24,Romance,47,6,91
5374,43,Horror,108,1,100
5375,28,Drama,15,2,76
5376,41,Action,95,2,40
5377,38,Drama,102,7,76
5378,54,Horror,87,2,87
5379,30,Romance,109,6,63
5380,50,Horror,83,1,53
5381,18,Action,20,2,48
5382,45,Sci-Fi,96,2,51
5383,28,Comedy,8,4,44
5384,37,Kids,61,7,83
5385,41,Romance,77,7,77
5386,42,Drama,64,4,70
5387,51,Sci-Fi,120,7,70
5388,44,Action,92,5,41
5389,47,Horror,49,5,93
5390,44,Kids,26,7,89
5391,57,Kids,58,7,92
5392,24,Horror,59,3,85
5393,48,Romance,11,6,95
5394,47,Kids,81,3,96
5395,43,Comedy,104,7,62
5396,30,Drama,111,2,95
5397,26,Documentary,100,6,66
5398,59,Sci-Fi,113,1,77
5399,57,Drama,99,7,98
5400,35,Documentary,8,7,90
5401,27,Kids,36,5,50
5402,24,Sci-Fi,50,7,51
5403,35,Action,71,5,45
5404,22,Action,14,3,95
5405,57,Horror,62,3,41
5406,20,Comedy,86,6,85
5407,60,Documentary,109,3,98
5408,56,Comedy,57,4,84
5409,60,Comedy,61,1,40
5410,46,Kids,109,1,68
5411,38,Kids,85,5,95
5412,32,Documentary,59,2,74
5413,50,Horror,6,2,91
5414,18,Action,53,6,58
5415,44,Drama,89,2,51
5416,22,Action,87,3,77
5417,48,Documentary,24,1,84
5418,39,Romance,61,1,94
5419,40,Comedy,99,4,41
5420,58,Kids,120,1,95
5421,40,Sci-Fi,119,2,52
5422,36,Drama,36,7,72
5423,51,Horror,12,6,65
5424,49,Action,28,4,65
5425,56,Drama,20,6,85
5426,18,Kids,13,2,75
5427,43,Comedy,105,3,66
5428,41,Drama,24,3,67
5429,22,Horror,74,7,50
5430,19,Sci-Fi,78,2,72
5431,57,Comedy,5,3,88
5432,43,Kids,5,4,99
5433,45,Drama,14,4,62
5434,56,Documentary,108,4,69
5435,24,Horror,57,4,84
5436,33,Drama,22,6,50
5437,59,Drama,47,2,60
5438,45,Action,47,4,89
5439,31,Kids,93,2,70
5440,27,Drama,91,7,51
5441,33,Romance,16,6,57
5442,46,Sci-Fi,15,5,50
5443,21,Drama,61,1,57
5444,46,Romance,54,3,82
5445,20,Drama,55,1,49
5446,27,Drama,49,7,50
5447,52,Romance,13,5,89
5448,56,Kids,104,3,40
5449,31,Kids,117,2,74
5450,51,Romance,110,7,47
5451,31,Action,62,2,86
5452,24,Drama,118,3,55
5453,52,Romance,69,3,56
5454,60,Comedy,6,3,89
5455,43,Kids,106,1,47
5456,24,Action,53,6,50
5457,39,Action,91,6,78
5458,50,Romance,22,6,100
5459,49,Horror,25,5,78
5460,56,Comedy,78,7,97
5461,28,Romance,84,2,68
5462,54,Comedy,29,5,65
5463,31,Sci-Fi,13,7,95
5464,33,Romance,30,6,70
5465,23,Drama,38,7,44
5466,49,Horror,18,1,83
5467,23,Kids,80,6,92
5468,19,Sci-Fi,81,1,55
5469,19,Documentary,104,1,59
5470,30,Documentary,33,7,45
5471,35,Sci-Fi,8,2,43
5472,23,Drama,50,5,81
5473,49,Kids,92,2,54
5474,45,Kids,82,6,85
5475,42,Horror,6,2,64
5476,18,Sci-Fi,18,3,83
5477,33,Horror,40,2,57
5478,26,Romance,52,5,97
5479,56,Sci-Fi,75,3,40
5480,25,Kids,40,1,53
5481,57,Romance,16,2,84
5482,58,Horror,120,2,42
5483,20,Kids,72,4,55
5484,20,Action,36,2,56
5485,48,Comedy,17,1,48
5486,38,Horror,97,6,80
5487,49,Horror,17,6,87
5488,24,Horror,96,3,66
5489,41,Horror,61,7,75
5490,55,Action,83,6,97
5491,37,Drama,30,6,55
5492,59,Comedy,29,1,50
5493,42,Romance,40,5,57
5494,41,Comedy,44,7,55
5495,47,Horror,83,3,95
5496,31,Documentary,86,5,83
5497,31,Comedy,19,7,86
5498,54,Documentary,97,5,44
5499,41,Horror,26,2,68
5500,38,Action,92,4,52
5501,40,Comedy,103,4,70
5502,39,Comedy,61,4,72
5503,20,Comedy,86,2,92
5504,41,Horror,43,5,77
5505,18,Comedy,109,1,64
5506,33,Sci-Fi,102,1,45
5507,45,Action,71,3,82
5508,59,Drama,102,2,68
5509,51,Kids,96,6,97
5510,26,Sci-Fi,55,2,67
5511,39,Horror,60,5,48
5512,42,Kids,99,7,82
5513,39,Kids,8,7,86
5514,28,Documentary,119,6,92
5515,41,Action,53,5,63
5516,25,Comedy,63,4,70
5517,18,Horror,105,5,54
5518,26,Romance,14,2,57
5519,23,Comedy,19,2,68
5520,40,Action,52,2,63
5521,32,Comedy,13,4,89
5522,27,Horror,119,5,85
5523,59,Horror,94,4,85
5524,51,Kids,54,6,59
5525,41,Action,89,3,59
5526,20,Romance,23,4,51
5527,37,Documentary,58,7,49
5528,39,Action,80,3,70
5529,23,Comedy,81,3,87
5530,57,Romance,56,6,48
5531,41,Horror,19,1,45
5532,47,Action,33,7,81
5533,44,Action,21,6,48
5534,29,Sci-Fi,111,5,69
5535,58,Action,39,4,94
5536,37,Sci-Fi,77,1,85
5537,54,Comedy,89,2,60
5538,60,Documentary,74,3,91
5539,32,Action,113,7,72
5540,28,Action,87,5,48
5541,23,Romance,67,1,75
5542,50,Action,78,7,74
5543,36,Kids,106,6,79
5544,23,Drama,105,5,53
5545,38,Action,5,3,74
5546,53,Drama,113,6,49
5547,53,Documentary,63,2,85
5548,53,Drama,37,1,86
5549,32,Drama,69,1,62
5550,46,Comedy,68,7,89
5551,43,Documentary,67,7,100
5552,47,Romance,100,5,96
5553,51,Comedy,100,6,71
5554,27,Drama,8,5,49
5555,53,Kids,114,3,78
5556,30,Romance,47,1,45
5557,53,Drama,69,7,81
5558,56,Drama,81,5,50
5559,47,Horror,11,7,43
5560,18,Drama,79,6,57
5561,26,Comedy,100,7,82
5562,32,Comedy,90,5,52
5563,54,Sci-Fi,9,2,60
5564,50,Action,9,5,56
5565,41,Horror,31,4,54
5566,49,Documentary,49,5,61
5567,37,Romance,110,2,89
5568,40,Drama,11,7,66
5569,53,Drama,42,5,82
5570,39,Kids,9,7,67
5571,25,Drama,36,4,52
5572,59,Comedy,79,1,96
5573,47,Romance,70,2,61
5574,25,Horror,102,6,91
5575,21,Horror,30,7,88
5576,22,Sci-Fi,20,6,98
5577,41,Action,77,6,51
5578,29,Horror,63,1,97
5579,54,Action,65,2,99
5580,57,Action,72,4,45
5581,38,Kids,33,4,41
5582,30,Romance,89,4,53
5583,23,Sci-Fi,109,2,48
5584,39,Romance,43,7,67
5585,38,Drama,111,5,43
5586,38,Comedy,89,3,98
5587,40,Documentary,102,4,80
5588,45,Comedy,15,3,42
5589,19,Documentary,65,6,97
5590,36,Action,54,2,44
5591,37,Kids,39,4,75
5592,35,Drama,27,6,86
5593,22,Action,76,2,58
5594,37,Horror,11,6,53
5595,21,Action,75,5,48
5596,46,Horror,31,1,54
5597,44,Horror,20,6,69
5598,46,Drama,15,1,62
5599,53,Kids,84,7,46
5600,47,Kids,109,3,100
5601,18,Drama,31,4,67
5602,36,Romance,26,1,45
5603,38,Kids,105,2,76
5604,43,Documentary,44,3,57
5605,30,Comedy,52,5,65
5606,45,Documentary,62,4,76
5607,38,Sci-Fi,116,4,100
5608,55,Action,120,1,90
5609,19,Kids,23,2,91
5610,33,Comedy,119,2,88
5611,38,Kids,118,7,60
5612,59,Kids,6,7,99
5613,60,Action,59,1,45
5614,42,Comedy,40,3,64
5615,31,Sci-Fi,21,5,66
5616,21,Documentary,90,5,40
5617,54,Documentary,42,4,80
5618,54,Documentary,52,5,57
5619,43,Action,74,5,68
5620,27,Sci-Fi,6,1,81
5621,48,Kids,39,3,49
5622,31,Documentary,81,6,50
5623,44,Comedy,11,3,74
5624,21,Drama,113,5,40
5625,28,Action,51,4,44
5626,59,Horror,41,6,72
5627,27,Comedy,117,6,89
5628,59,Kids,90,6,78
5629,54,Drama,32,4,77
5630,54,Romance,100,4,98
5631,37,Documentary,77,3,41
5632,32,Horror,19,7,68
5633,33,Horror,50,5,100
5634,28,Comedy,85,3,90
5635,19,Sci-Fi,26,7,46
5636,42,Comedy,40,4,58
5637,21,Kids,113,7,97
5638,59,Drama,52,2,74
5639,19,Comedy,42,5,99
5640,56,Kids,52,3,98
5641,38,Comedy,116,1,70
5642,53,Romance,7,7,70
5643,57,Kids,114,2,52
5644,39,Romance,44,2,78
5645,42,Comedy,88,6,92
5646,36,Action,92,2,89
5647,45,Sci-Fi,82,6,84
5648,45,Action,67,2,90
5649,29,Romance,90,6,100
5650,20,Romance,107,6,82
5651,30,Drama,50,3,95
5652,51,Action,48,3,60
5653,38,Documentary,23,1,41
5654,18,Kids,49,7,81
5655,25,Romance,43,4,68
5656,36,Comedy,58,7,99
5657,31,Comedy,106,5,98
5658,32,Romance,114,4,78
5659,37,Action,71,5,59
5660,42,Documentary,42,5,72
5661,31,Comedy,50,4,96
5662,40,Comedy,81,2,52
5663,41,Documentary,29,5,68
5664,25,Documentary,30,1,91
5665,41,Kids,111,5,86
5666,23,Documentary,20,3,44
5667,37,Horror,84,5,49
5668,59,Comedy,20,4,54
5669,20,Documentary,13,6,100
5670,51,Comedy,59,1,66
5671,58,Action,73,2,79
5672,36,Comedy,97,6,97
5673,22,Sci-Fi,13,4,61
5674,37,Comedy,112,5,70
5675,31,Romance,104,7,90
5676,33,Documentary,49,2,51
5677,47,Horror,116,3,81
5678,21,Documentary,57,6,96
5679,22,Documentary,48,1,86
5680,19,Documentary,80,6,65
5681,52,Comedy,61,1,42
5682,34,Horror,87,5,59
5683,25,Romance,59,2,90
5684,30,Action,75,7,53
5685,31,Documentary,85,1,92
5686,42,Romance,64,2,57
5687,60,Romance,73,3,82
5688,40,Comedy,34,1,82
5689,39,Sci-Fi,107,3,48
5690,58,Romance,6,7,42
5691,53,Romance,70,4,95
5692,27,Documentary,70,4,84
5693,55,Romance,39,6,41
5694,59,Kids,118,6,98
5695,32,Romance,73,6,56
5696,20,Sci-Fi,95,4,77
5697,27,Horror,52,3,60
5698,54,Horror,45,1,44
5699,24,Kids,92,1,73
5700,52,Comedy,117,1,56
5701,52,Comedy,57,4,93
5702,38,Action,41,7,64
5703,54,Comedy,24,1,76
5704,55,Documentary,71,7,63
5705,20,Horror,110,7,94
5706,57,Documentary,15,3,96
5707,27,Comedy,70,7,90
5708,32,Romance,5,3,82
5709,30,Kids,12,7,48
5710,57,Horror,73,2,100
5711,49,Drama,69,7,78
5712,20,Kids,82,4,79
5713,45,Documentary,32,4,51
5714,54,Comedy,117,7,69
5715,59,Horror,109,4,47
5716,21,Documentary,101,2,80
5717,41,Romance,82,1,77
5718,58,Documentary,5,5,60
5719,60,Action,86,4,48
5720,45,Kids,92,1,96
5721,60,Comedy,66,3,80
5722,22,Kids,42,1,80
5723,29,Documentary,115,1,77
5724,27,Documentary,55,5,41
5725,26,Action,6,5,63
5726,32,Action,65,1,82
5727,21,Horror,93,7,100
5728,43,Romance,16,6,98
5729,23,Documentary,106,3,43
5730,21,Kids,97,6,54
5731,24,Horror,91,2,52
5732,34,Action,30,5,90
5733,24,Documentary,16,6,70
5734,47,Action,105,1,74
5735,55,Action,25,2,41
5736,18,Documentary,112,7,92
5737,22,Romance,72,4,66
5738,42,Drama,78,6,69
5739,42,Kids,41,7,99
5740,41,Comedy,60,3,82
5741,37,Sci-Fi,11,4,75
5742,43,Romance,83,7,94
5743,36,Drama,117,2,79
5744,28,Comedy,79,7,57
5745,55,Documentary,61,7,71
5746,58,Sci-Fi,83,2,43
5747,24,Drama,67,4,55
5748,47,Drama,53,2,92
5749,30,Comedy,7,7,46
5750,33,Drama,21,5,63
5751,36,Kids,13,7,55
5752,58,Kids,99,7,70
5753,59,Comedy,57,4,89
5754,55,Documentary,98,3,67
5755,34,Documentary,69,5,58
5756,48,Action,80,7,45
5757,41,Kids,26,6,48
5758,21,Romance,74,6,99
5759,42,Sci-Fi,89,6,84
5760,25,Documentary,114,3,90
5761,46,Kids,61,3,47
5762,60,Horror,77,6,53
5763,37,Romance,70,6,55
5764,46,Romance,106,7,87
5765,42,Documentary,102,2,86
5766,31,Kids,69,2,55
5767,31,Sci-Fi,41,1,90
5768,28,Romance,32,5,42
5769,57,Drama,41,1,91
5770,34,Kids,45,3,77
5771,42,Horror,29,7,58
5772,51,Kids,87,7,85
5773,25,Action,114,2,85
5774,32,Documentary,103,2,49
5775,26,Sci-Fi,84,5,51
5776,19,Sci-Fi,72,6,55
5777,18,Drama,27,2,41
5778,22,Romance,75,7,52
5779,53,Documentary,101,2,69
5780,35,Romance,13,5,59
5781,30,Sci-Fi,79,5,40
5782,31,Documentary,89,4,51
5783,56,Drama,55,2,91
5784,41,Kids,11,1,86
5785,37,Drama,23,1,84
5786,35,Horror,25,4,56
5787,40,Action,103,7,68
5788,54,Romance,85,3,72
5789,33,Documentary,22,6,45
5790,30,Action,99,6,68
5791,56,Action,70,6,100
5792,28,Horror,20,4,85
5793,25,Drama,99,7,75
5794,24,Comedy,6,5,67
5795,23,Documentary,50,2,44
5796,34,Romance,17,1,47
5797,24,Drama,17,1,49
5798,42,Sci-Fi,35,3,86
5799,35,Drama,8,4,46
5800,51,Horror,60,2,69
5801,41,Sci-Fi,99,4,96
5802,55,Horror,97,7,87
5803,33,Horror,65,7,87
5804,35,Documentary,63,2,77
5805,18,Kids,86,2,58
5806,47,Action,74,5,73
5807,21,Action,55,4,70
5808,26,Drama,79,5,93
5809,55,Romance,6,2,54
5810,51,Sci-Fi,21,3,62
5811,59,Romance,82,7,87
5812,59,Sci-Fi,117,1,94
5813,58,Documentary,107,4,79
5814,40,Romance,7,1,84
5815,50,Comedy,91,2,56
5816,18,Documentary,60,3,70
5817,60,Documentary,84,4,80
5818,49,Horror,59,6,67
5819,56,Kids,94,2,48
5820,18,Drama,66,2,95
5821,22,Documentary,36,5,94
5822,40,Sci-Fi,33,2,63
5823,47,Documentary,81,2,68
5824,25,Sci-Fi,111,1,48
5825,23,Sci-Fi,48,7,63
5826,30,Romance,119,5,67
5827,48,Action,32,5,58
5828,27,Comedy,27,2,100
5829,31,Action,27,4,56
5830,18,Drama,30,2,98
5831,28,Sci-Fi,90,4,46
5832,20,Action,111,5,45
5833,37,Comedy,5,7,86
5834,33,Drama,48,5,55
5835,30,Romance,6,1,61
5836,55,Sci-Fi,99,3,78
5837,27,Action,115,5,85
5838,35,Action,115,7,46
5839,48,Romance,52,2,45
5840,19,Comedy,19,7,86
5841,28,Drama,51,5,59
5842,23,Sci-Fi,58,5,98
5843,56,Action,15,5,85
5844,56,Action,82,1,81
5845,58,Kids,116,4,72
5846,40,Comedy,105,4,78
5847,58,Action,29,6,61
5848,42,Horror,40,2,53
5849,40,Horror,22,4,73
5850,42,Kids,87,7,93
5851,53,Romance,42,6,64
5852,55,Sci-Fi,36,4,68
5853,56,Sci-Fi,37,4,74
5854,42,Kids,89,2,40
5855,59,Drama,87,2,97
5856,38,Sci-Fi,14,7,57
5857,26,Action,41,1,83
5858,34,Sci-Fi,25,2,78
5859,22,Kids,116,3,40
5860,49,Documentary,31,4,47
5861,21,Drama,82,4,50
5862,54,Drama,62,3,88
5863,37,Drama,46,2,45
5864,59,Documentary,73,1,44
5865,18,Horror,108,1,67
5866,39,Romance,86,5,72
5867,56,Kids,23,4,45
5868,22,Comedy,46,4,95
5869,44,Comedy,62,7,40
5870,21,Kids,67,1,51
5871,37,Kids,24,4,89
5872,28,Horror,69,1,91
5873,49,Sci-Fi,87,1,74
5874,54,Comedy,46,1,94
5875,47,Drama,93,5,85
5876,20,Comedy,70,2,66
5877,57,Drama,114,1,57
5878,47,Romance,6,2,61
5879,52,Romance,99,6,81
5880,49,Sci-Fi,84,6,76
5881,37,Horror,111,7,51
5882,42,Documentary,5,2,65
5883,50,Romance,47,7,84
5884,26,Documentary,71,5,45
5885,46,Romance,19,1,72
5886,24,Comedy,119,4,61
5887,57,Comedy,38,1,75
5888,51,Kids,52,1,58
5889,58,Action,65,2,87
5890,46,Sci-Fi,65,3,67
5891,59,Drama,7,3,94
5892,56,Documentary,24,7,77
5893,32,Kids,92,2,79
5894,30,Kids,7,6,57
5895,25,Kids,32,4,45
5896,54,Drama,76,6,51
5897,47,Documentary,75,4,54
5898,45,Romance,86,2,63
5899,54,Horror,8,7,57
5900,38,Sci-Fi,111,5,53
5901,34,Horror,6,7,89
5902,46,Sci-Fi,21,5,100
5903,18,Horror,112,3,100
5904,51,Comedy,79,2,61
5905,31,Action,50,4,53
5906,46,Romance,102,2,94
5907,34,Sci-Fi,91,7,91
5908,44,Romance,102,1,48
5909,50,Kids,9,6,72
5910,29,Horror,80,3,70
5911,24,Romance,68,6,49
5912,38,Comedy,95,4,75
5913,50,Comedy,45,5,47
5914,26,Horror,22,6,63
5915,45,Kids,66,2,54
5916,60,Romance,119,7,68
5917,38,Action,101,7,94
5918,23,Kids,55,5,63
5919,33,Sci-Fi,99,3,41
5920,19,Action,47,2,52
5921,40,Sci-Fi,32,7,81
5922,33,Horror,107,2,47
5923,41,Comedy,39,4,51
5924,19,Romance,119,4,49
5925,53,Comedy,22,3,76
5926,40,Drama,41,3,73
5927,40,Horror,11,6,79
5928,36,Sci-Fi,33,1,46
5929,22,Action,59,5,84
5930,30,Sci-Fi,59,3,45
5931,40,Kids,34,3,78
5932,57,Romance,82,6,53
5933,34,Romance,97,6,69
5934,56,Drama,8,1,61
5935,22,Horror,85,3,44
5936,22,Action,60,2,69
5937,31,Sci-Fi,6,2,53
5938,50,Action,96,1,76
5939,52,Drama,61,5,86
5940,55,Romance,78,4,46
5941,24,Kids,86,4,66
5942,36,Horror,30,4,48
5943,31,Action,50,5,46
5944,48,Kids,44,3,46
5945,27,Drama,29,4,40
5946,24,Sci-Fi,16,7,83
5947,48,Documentary,53,4,92
5948,18,Romance,55,1,69
5949,39,Comedy,58,1,85
5950,44,Romance,13,1,68
5951,49,Sci-Fi,114,5,48
5952,56,Documentary,61,1,72
5953,47,Comedy,68,7,96
5954,25,Sci-Fi,106,5,47
5955,41,Kids,87,4,67
5956,43,Romance,24,4,80
5957,60,Comedy,36,6,100
5958,52,Romance,6,2,100
5959,54,Comedy,106,1,96
5960,49,Kids,64,1,46
5961,53,Sci-Fi,27,2,78
5962,56,Documentary,44,4,54
5963,36,Comedy,9,4,88
5964,26,Action,92,6,43
5965,59,Horror,12,2,88
5966,25,Kids,69,6,84
5967,59,Drama,93,2,40
5968,58,Horror,109,3,54
5969,24,Sci-Fi,35,1,82
5970,57,Drama,15,6,40
5971,30,Comedy,27,1,87
5972,54,Romance,76,7,64
5973,23,Drama,51,7,92
5974,27,Horror,87,7,98
5975,29,Horror,45,1,71
5976,31,Drama,12,1,71
5977,31,Drama,51,7,48
5978,36,Sci-Fi,120,4,90
5979,54,Romance,36,3,66
5980,54,Comedy,21,1,78
5981,20,Comedy,49,5,55
5982,27,Horror,10,4,64
5983,19,Action,95,2,94
5984,21,Documentary,110,2,41
5985,55,Documentary,72,3,73
5986,33,Documentary,86,6,88
5987,31,Sci-Fi,17,2,64
5988,48,Sci-Fi,16,3,58
5989,22,Romance,7,3,87
5990,23,Drama,93,4,64
5991,22,Drama,113,1,93
5992,32,Documentary,14,7,97
5993,37,Comedy,102,4,69
5994,42,Sci-Fi,33,2,70
5995,54,Documentary,90,1,55
5996,59,Action,118,2,93
5997,55,Comedy,97,2,92
5998,51,Romance,100,3,57
5999,38,Documentary,17,2,43
6000,59,Comedy,79,7,98
6001,27,Romance,83,6,64
6002,39,Action,15,2,43
6003,43,Horror,97,7,90
6004,29,Drama,23,5,97
6005,32,Kids,79,2,85
6006,24,Drama,116,4,69
6007,19,Sci-Fi,58,4,50
6008,27,Kids,56,7,78
6009,32,Documentary,52,5,81
6010,47,Horror,57,5,59
6011,22,Romance,41,6,70
6012,23,Action,5,3,66
6013,38,Kids,20,2,46
6014,32,Comedy,51,2,92
6015,36,Kids,100,2,78
6016,35,Action,30,7,53
6017,26,Romance,99,5,90
6018,39,Sci-Fi,118,6,87
6019,39,Action,26,7,53
6020,51,Documentary,91,4,90
6021,54,Horror,116,1,55
6022,28,Action,25,7,46
6023,37,Documentary,87,7,70
6024,55,Kids,11,4,63
6025,55,Documentary,102,5,54
6026,56,Romance,34,3,53
6027,49,Drama,72,2,94
6028,33,Drama,14,4,64
6029,50,Documentary,32,3,43
6030,54,Romance,117,7,98
6031,44,Horror,64,7,52
6032,27,Comedy,59,4,41
6033,49,Romance,72,3,46
6034,57,Sci-Fi,49,3,55
6035,20,Romance,21,5,42
6036,60,Documentary,29,2,99
6037,50,Documentary,111,5,89
6038,22,Action,90,2,47
6039,34,Drama,96,7,54
6040,47,Sci-Fi,36,2,88
6041,47,Kids,33,1,79
6042,24,Kids,110,1,43
6043,32,Documentary,24,7,92
6044,37,Action,30,3,57
6045,35,Documentary,61,3,56
6046,40,Documentary,23,4,78
6047,30,Documentary,99,4,59
6048,24,Documentary,75,6,98
6049,43,Comedy,18,6,51
6050,19,Kids,40,6,52
6051,24,Action,118,5,47
6052,21,Action,36,7,97
6053,46,Horror,37,7,76
6054,21,Action,114,3,54
6055,54,Horror,43,3,53
6056,57,Kids,77,6,49
6057,48,Comedy,102,6,70
6058,25,Horror,36,3,43
6059,35,Action,40,3,88
6060,30,Kids,44,7,57
6061,53,Romance,37,2,56
6062,53,Comedy,39,1,92
6063,23,Kids,70,7,64
6064,37,Drama,36,3,72
6065,20,Kids,36,4,98
6066,31,Kids,56,7,60
6067,50,Horror,71,5,74
6068,59,Drama,53,1,47
6069,25,Sci-Fi,111,6,60
6070,40,Romance,36,3,93
6071,47,Action,16,1,89
6072,39,Sci-Fi,79,1,55
6073,24,Romance,97,7,51
6074,23,Documentary,24,5,45
6075,43,Horror,66,3,40
6076,34,Romance,23,2,54
6077,21,Kids,34,1,68
6078,56,Sci-Fi,36,7,94
6079,58,Romance,107,2,58
6080,18,Kids,95,6,47
6081,55,Horror,116,3,67
6082,36,Documentary,84,7,88
6083,31,Kids,54,6,46
6084,20,Comedy,118,1,68
6085,25,Action,117,4,95
6086,36,Drama,84,5,46
6087,22,Comedy,105,3,87
6088,37,Kids,23,3,75
6089,18,Kids,32,2,49
6090,25,Comedy,118,2,66
6091,33,Drama,84,2,53
6092,29,Romance,8,4,97
6093,29,Comedy,21,7,93
6094,27,Drama,10,5,76
6095,46,Kids,40,3,57
6096,45,Kids,104,4,50
6097,35,Drama,74,1,50
6098,55,Romance,33,4,71
6099,49,Comedy,7,4,41
6100,31,Horror,65,1,69
6101,49,Action,58,7,46
6102,57,Comedy,84,2,87
6103,36,Kids,116,1,98
6104,54,Sci-Fi,87,5,90
6105,29,Drama,14,5,57
6106,46,Horror,74,1,62
6107,37,Documentary,120,2,40
6108,29,Horror,62,3,90
6109,46,Sci-Fi,19,5,66
6110,43,Drama,55,3,72
6111,41,Documentary,49,5,46
6112,58,Romance,64,1,73
6113,52,Drama,73,2,67
6114,21,Drama,15,2,45
6115,60,Horror,35,2,44
6116,44,Action,20,7,56
6117,25,Romance,112,5,90
6118,48,Drama,53,6,49
6119,46,Sci-Fi,79,4,89
6120,57,Romance,106,4,40
6121,41,Drama,110,5,95
6122,56,Action,91,6,47
6123,60,Documentary,94,2,80
6124,43,Romance,118,6,97
6125,20,Romance,91,5,47
6126,36,Comedy,40,1,48
6127,20,Kids,107,6,57
6128,38,Comedy,46,2,78
6129,20,Sci-Fi,65,2,74
6130,26,Horror,118,7,65
6131,47,Romance,10,2,42
6132,58,Comedy,91,3,94
6133,18,Romance,83,5,66
6134,30,Horror,93,1,61
6135,26,Comedy,35,2,88
6136,41,Kids,44,5,89
6137,32,Drama,59,7,45
6138,51,Action,24,5,72
6139,31,Documentary,84,3,67
6140,25,Action,9,6,63
6141,18,Comedy,111,7,98
6142,23,Documentary,61,7,87
6143,33,Documentary,81,1,95
6144,26,Sci-Fi,26,1,97
6145,56,Drama,57,5,99
6146,44,Comedy,98,6,78
6147,30,Comedy,81,2,78
6148,18,Horror,44,1,97
6149,40,Drama,30,1,40
6150,33,Comedy,11,5,52
6151,51,Horror,44,1,79
6152,27,Sci-Fi,8,4,54
6153,31,Romance,48,7,59
6154,60,Sci-Fi,57,1,62
6155,42,Comedy,109,5,77
6156,22,Drama,66,7,63
6157,39,Sci-Fi,21,2,52
6158,48,Romance,53,1,67
6159,53,Comedy,70,4,72
6160,43,Comedy,16,3,71
6161,40,Documentary,110,3,67
6162,30,Kids,118,7,96
6163,26,Kids,39,5,43
6164,23,Sci-Fi,92,6,79
6165,34,Romance,69,3,92
6166,37,Action,104,5,84
6167,40,Horror,90,6,73
6168,20,Documentary,43,7,49
6169,34,Comedy,30,7,49
6170,36,Comedy,47,4,77
6171,26,Horror,27,1,78
6172,39,Action,88,7,62
6173,45,Romance,21,1,40
6174,35,Romance,100,7,40
6175,19,Documentary,88,5,45
6176,23,Documentary,107,5,42
6177,39,Documentary,42,6,64
6178,52,Sci-Fi,93,4,87
6179,41,Drama,77,4,43
6180,45,Action,65,2,53
6181,36,Kids,86,6,98
6182,21,Action,20,6,75
6183,47,Drama,20,6,59
6184,28,Sci-Fi,49,7,95
6185,43,Romance,101,5,70
6186,42,Romance,51,3,80
6187,46,Kids,57,4,78
6188,30,Horror,76,4,89
6189,32,Action,55,7,72
6190,54,Sci-Fi,19,3,60
6191,31,Kids,82,6,45
6192,26,Drama,113,4,80
6193,25,Kids,50,2,48
6194,51,Kids,65,3,87
6195,56,Kids,21,3,58
6196,34,Documentary,68,4,68
6197,38,Romance,103,1,77
6198,26,Sci-Fi,45,1,82
6199,32,Documentary,97,2,84
6200,29,Romance,54,3,56
6201,55,Action,95,6,47
6202,41,Action,49,1,75
6203,37,Kids,57,4,45
6204,36,Documentary,11,6,71
6205,37,Kids,93,7,79
6206,59,Romance,93,1,78
6207,32,Kids,22,3,54
6208,18,Sci-Fi,76,4,72
6209,52,Action,92,6,63
6210,34,Sci-Fi,9,7,98
6211,45,Romance,98,2,50
6212,55,Sci-Fi,35,6,67
6213,60,Kids,25,4,63
6214,21,Documentary,99,3,49
6215,57,Horror,57,6,72
6216,52,Action,73,3,99
6217,51,Romance,82,5,74
6218,43,Sci-Fi,75,6,62
6219,33,Sci-Fi,65,5,76
6220,38,Sci-Fi,99,1,62
6221,56,Drama,75,7,67
6222,60,Romance,28,3,62
6223,28,Action,11,7,89
6224,22,Horror,95,2,69
6225,52,Kids,26,3,88
6226,18,Horror,69,5,44
6227,35,Sci-Fi,99,3,68
6228,33,Comedy,26,5,46
6229,40,Kids,55,4,81
6230,52,Kids,47,6,82
6231,54,Documentary,107,7,77
6232,39,Sci-Fi,74,4,75
6233,42,Drama,26,2,43
6234,39,Action,82,2,64
6235,49,Sci-Fi,30,4,58
6236,39,Documentary,11,1,83
6237,27,Action,42,6,63
6238,26,Romance,68,5,72
6239,35,Documentary,77,3,66
6240,36,Horror,13,5,75
6241,59,Horror,39,2,88
6242,43,Comedy,25,3,49
6243,40,Drama,93,6,66
6244,38,Horror,5,7,42
6245,39,Action,6,4,50
6246,57,Documentary,32,5,92
6247,56,Horror,6,6,71
6248,46,Drama,70,7,59
6249,30,Romance,79,5,56
6250,20,Sci-Fi,33,3,57
6251,23,Action,40,2,86
6252,36,Sci-Fi,95,1,43
6253,49,Drama,95,3,69
6254,41,Comedy,82,5,84
6255,29,Comedy,113,6,45
6256,29,Documentary,96,1,66
6257,48,Sci-Fi,60,1,46
6258,41,Sci-Fi,90,6,49
6259,55,Romance,55,7,54
6260,40,Horror,118,6,65
6261,47,Comedy,67,3,81
6262,47,Documentary,34,4,100
6263,44,Horror,7,1,83
6264,47,Horror,82,6,76
6265,25,Comedy,85,3,59
6266,42,Documentary,25,2,100
6267,26,Sci-Fi,95,2,69
6268,32,Action,16,2,66
6269,36,Romance,33,1,62
6270,26,Drama,111,4,75
6271,60,Action,22,2,47
6272,36,Documentary,118,3,90
6273,32,Kids,45,2,69
6274,50,Horror,6,6,98
6275,43,Documentary,31,2,78
6276,21,Action,111,7,99
6277,19,Kids,103,2,72
6278,45,Comedy,47,5,69
6279,43,Documentary,68,4,86
6280,39,Comedy,86,2,87
6281,31,Action,45,7,86
6282,59,Sci-Fi,74,6,40
6283,38,Action,108,4,46
6284,37,Kids,16,5,61
6285,60,Drama,28,4,67
6286,39,Sci-Fi,57,2,98
6287,34,Romance,62,7,47
6288,50,Romance,60,4,92
6289,43,Sci-Fi,116,4,73
6290,30,Comedy,102,3,100
6291,51,Comedy,119,6,69
6292,25,Romance,48,4,54
6293,55,Kids,81,3,79
6294,42,Horror,65,3,80
6295,36,Drama,35,2,93
6296,44,Comedy,99,3,97
6297,34,Comedy,32,1,40
6298,18,Comedy,52,7,58
6299,57,Action,20,6,95
6300,39,Romance,78,2,40
6301,40,Romance,42,6,52
6302,27,Documentary,117,3,78
6303,55,Action,62,7,61
6304,29,Comedy,73,3,55
6305,33,Romance,93,6,47
6306,52,Drama,95,7,69
6307,41,Sci-Fi,90,1,88
6308,28,Horror,16,5,92
6309,22,Action,61,7,73
6310,58,Sci-Fi,39,2,79
6311,40,Comedy,34,2,59
6312,46,Comedy,30,6,65
6313,18,Romance,78,5,67
6314,52,Documentary,27,7,56
6315,58,Horror,39,2,99
6316,59,Documentary,86,2,80
6317,25,Kids,75,2,49
6318,51,Sci-Fi,69,2,53
6319,30,Romance,71,4,83
6320,45,Drama,7,7,95
6321,37,Comedy,79,5,46
6322,43,Documentary,79,5,75
6323,50,Documentary,50,3,74
6324,48,Action,42,7,62
6325,55,Action,16,1,65
6326,47,Horror,90,4,93
6327,46,Comedy,103,5,60
6328,26,Horror,23,1,83
6329,23,Comedy,71,1,73
6330,28,Romance,36,2,92
6331,27,Kids,8,2,68
6332,30,Documentary,90,2,92
6333,43,Action,98,3,45
6334,23,Comedy,51,5,48
6335,60,Sci-Fi,109,2,64
6336,60,Documentary,50,5,69
6337,32,Sci-Fi,119,3,41
6338,45,Horror,19,5,74
6339,35,Comedy,111,4,74
6340,21,Sci-Fi,30,7,82
6341,33,Horror,64,4,68
6342,32,Action,37,3,75
6343,27,Horror,18,6,83
6344,25,Documentary,68,3,46
6345,32,Action,11,2,49
6346,26,Romance,37,2,74
6347,26,Kids,32,5,87
6348,56,Romance,85,1,79
6349,24,Action,95,3,89
6350,51,Drama,22,3,74
6351,28,Drama,8,3,84
6352,47,Drama,101,5,95
6353,39,Action,28,2,41
6354,26,Romance,64,7,76
6355,58,Horror,37,6,78
6356,44,Kids,43,4,44
6357,52,Kids,108,3,88
6358,21,Drama,78,6,75
6359,26,Documentary,29,1,93
6360,47,Drama,29,1,73
6361,30,Documentary,14,6,90
6362,38,Documentary,57,4,43
6363,31,Action,19,3,50
6364,21,Horror,97,7,85
6365,26,Drama,77,5,49
6366,39,Romance,25,4,55
6367,41,Romance,7,6,59
6368,33,Romance,76,2,72
6369,25,Kids,115,2,55
6370,52,Kids,69,1,98
6371,31,Comedy,41,4,82
6372,54,Horror,88,1,65
6373,49,Comedy,109,5,56
6374,47,Documentary,11,5,49
6375,39,Romance,70,7,66
6376,20,Drama,31,7,53
6377,34,Comedy,81,3,46
6378,33,Comedy,5,3,70
6379,51,Action,94,4,99
6380,57,Documentary,5,3,48
6381,51,Drama,116,7,54
6382,31,Horror,110,6,58
6383,36,Horror,7,4,41
6384,42,Romance,22,4,59
6385,34,Drama,86,3,68
6386,48,Kids,40,5,49
6387,22,Drama,40,1,86
6388,49,Comedy,25,3,92
6389,26,Romance,58,1,80
6390,21,Horror,86,1,74
6391,36,Action,64,5,41
6392,50,Drama,26,1,46
6393,36,Horror,104,4,76
6394,38,Comedy,98,2,75
6395,60,Romance,70,7,70
6396,35,Sci-Fi,117,3,98
6397,19,Documentary,39,3,88
6398,56,Comedy,36,5,91
6399,58,Action,17,7,60
6400,30,Action,82,5,68
6401,44,Romance,98,6,80
6402,51,Horror,61,5,69
6403,47,Comedy,32,6,83
6404,55,Documentary,12,7,56
6405,55,Drama,59,3,85
6406,47,Comedy,84,1,72
6407,60,Horror,65,2,80
6408,56,Action,115,6,94
6409,44,Comedy,31,3,98
6410,51,Drama,45,2,84
6411,31,Kids,55,7,53
6412,35,Horror,74,3,89
6413,54,Drama,76,2,67
6414,49,Comedy,117,7,98
6415,57,Horror,63,4,57
6416,18,Horror,30,6,92
6417,43,Comedy,72,7,55
6418,41,Sci-Fi,12,6,91
6419,25,Documentary,93,7,75
6420,25,Drama,110,2,46
6421,22,Action,65,7,69
6422,59,Comedy,52,7,88
6423,39,Horror,108,2,88
6424,22,Comedy,20,4,86
6425,40,Action,53,2,61
6426,52,Documentary,110,5,90
6427,18,Drama,95,3,98
6428,57,Romance,32,1,92
6429,41,Documentary,26,6,65
6430,21,Drama,52,7,86
6431,45,Documentary,12,4,88
6432,30,Sci-Fi,34,2,50
6433,43,Sci-Fi,15,3,53
6434,34,Drama,115,1,86
6435,35,Romance,105,2,43
6436,30,Kids,6,4,78
6437,27,Comedy,14,1,81
6438,60,Sci-Fi,46,1,79
6439,24,Romance,45,4,46
6440,57,Drama,44,6,90
6441,37,Sci-Fi,12,2,96
6442,34,Documentary,40,4,43
6443,31,Documentary,45,6,74
6444,50,Kids,34,3,84
6445,28,Comedy,14,2,86
6446,28,Horror,67,6,92
6447,47,Documentary,21,2,99
6448,44,Comedy,39,3,50
6449,56,Kids,96,2,92
6450,53,Romance,93,2,57
6451,42,Horror,36,5,72
6452,47,Horror,75,3,84
6453,54,Horror,46,1,85
6454,31,Drama,73,3,65
6455,60,Drama,63,4,74
6456,27,Romance,72,5,47
6457,32,Comedy,65,3,50
6458,18,Action,17,1,68
6459,22,Sci-Fi,26,1,47
6460,47,Sci-Fi,65,6,86
6461,19,Comedy,49,3,68
6462,27,Horror,31,5,83
6463,59,Drama,94,4,40
6464,55,Documentary,69,5,93
6465,47,Sci-Fi,23,6,95
6466,34,Kids,68,5,80
6467,23,Comedy,93,6,64
6468,28,Documentary,26,4,94
6469,30,Action,38,3,80
6470,54,Horror,62,6,69
6471,51,Action,120,7,60
6472,39,Horror,112,2,73
6473,28,Drama,66,3,86
6474,34,Sci-Fi,28,5,83
6475,19,Comedy,103,5,53
6476,43,Romance,40,1,89
6477,42,Documentary,12,4,70
6478,58,Kids,103,7,69
6479,56,Sci-Fi,87,4,42
6480,57,Documentary,41,7,62
6481,59,Action,10,1,69
6482,47,Drama,47,4,41
6483,59,Horror,68,4,97
6484,55,Drama,37,5,46
6485,36,Horror,83,6,43
6486,19,Comedy,82,1,59
6487,18,Romance,34,2,57
6488,46,Action,102,7,55
6489,56,Drama,56,4,41
6490,47,Sci-Fi,100,3,47
6491,43,Documentary,93,2,48
6492,26,Action,85,7,87
6493,46,Drama,88,1,69
6494,36,Comedy,96,6,74
6495,59,Horror,8,7,69
6496,44,Drama,78,3,72
6497,22,Romance,30,7,71
6498,44,Action,62,7,69
6499,40,Sci-Fi,14,3,43
6500,53,Sci-Fi,57,3,69
6501,27,Sci-Fi,7,4,81
6502,44,Comedy,107,4,94
6503,42,Horror,23,3,72
6504,49,Action,8,4,71
6505,41,Kids,91,1,46
6506,28,Action,13,2,49
6507,46,Action,28,5,50
6508,31,Documentary,87,6,73
6509,22,Comedy,103,3,60
6510,28,Action,61,5,67
6511,19,Sci-Fi,120,4,95
6512,39,Kids,87,2,71
6513,42,Drama,38,2,51
6514,28,Drama,110,4,54
6515,54,Sci-Fi,83,5,49
6516,53,Comedy,118,3,96
6517,46,Drama,99,1,89
6518,29,Romance,58,3,99
6519,56,Kids,76,4,64
6520,27,Comedy,113,5,60
6521,58,Romance,86,7,70
6522,19,Romance,36,1,41
6523,30,Sci-Fi,116,1,83
6524,20,Documentary,86,5,70
6525,38,Comedy,90,7,61
6526,55,Action,96,7,46
6527,57,Documentary,110,6,42
6528,43,Kids,20,4,98
6529,25,Kids,31,7,61
6530,48,Horror,30,1,83
6531,35,Romance,85,3,66
6532,46,Horror,38,2,47
6533,31,Documentary,108,4,62
6534,55,Comedy,54,3,66
6535,25,Sci-Fi,71,1,73
6536,39,Sci-Fi,20,4,55
6537,52,Kids,97,5,47
6538,18,Comedy,69,1,62
6539,59,Sci-Fi,25,1,59
6540,22,Horror,7,2,84
6541,52,Horror,14,3,61
6542,34,Action,112,2,90
6543,46,Drama,70,5,50
6544,58,Horror,43,2,73
6545,50,Drama,27,7,87
6546,45,Kids,99,4,98
6547,23,Kids,99,5,86
6548,53,Documentary,27,7,47
6549,52,Comedy,66,1,41
6550,25,Sci-Fi,35,1,62
6551,19,Kids,8,5,86
6552,29,Horror,99,2,99
6553,23,Action,94,2,74
6554,44,Romance,45,5,72
6555,38,Action,95,3,42
6556,60,Action,97,6,49
6557,52,Kids,36,7,93
6558,38,Comedy,16,7,91
6559,55,Kids,20,2,64
6560,56,Romance,11,2,99
6561,27,Drama,57,4,51
6562,56,Drama,109,3,99
6563,54,Sci-Fi,65,3,64
6564,22,Comedy,51,1,41
6565,36,Comedy,58,5,95
6566,43,Comedy,58,4,82
6567,38,Kids,117,1,95
6568,58,Sci-Fi,27,3,83
6569,43,Romance,21,1,46
6570,37,Romance,5,3,76
6571,27,Sci-Fi,97,2,97
6572,28,Comedy,63,3,67
6573,45,Horror,9,1,80
6574,47,Sci-Fi,104,1,58
6575,56,Horror,51,7,62
6576,18,Romance,115,7,71
6577,59,Drama,8,6,63
6578,58,Romance,47,4,48
6579,50,Drama,44,3,76
6580,56,Romance,45,4,86
6581,57,Horror,79,2,62
6582,56,Sci-Fi,20,5,94
6583,50,Horror,63,4,78
6584,29,Action,60,3,79
6585,50,Drama,69,5,59
6586,31,Drama,33,3,79
6587,47,Romance,100,1,68
6588,29,Romance,25,7,59
6589,26,Romance,68,4,84
6590,56,Sci-Fi,52,3,89
6591,32,Documentary,47,4,45
6592,50,Drama,59,4,48
6593,35,Kids,57,6,42
6594,50,Romance,62,1,73
6595,31,Romance,57,2,97
6596,25,Romance,77,5,64
6597,24,Documentary,101,3,79
6598,24,Kids,117,2,53
6599,46,Action,119,7,53
6600,50,Romance,69,6,46
6601,36,Romance,109,3,43
6602,20,Comedy,91,5,89
6603,28,Romance,38,7,99
6604,26,Horror,72,6,62
6605,47,Drama,111,2,90
6606,48,Comedy,118,2,42
6607,28,Sci-Fi,46,6,93
6608,32,Comedy,28,4,88
6609,56,Action,93,3,75
6610,46,Action,41,1,55
6611,32,Sci-Fi,89,5,51
6612,37,Sci-Fi,63,1,47
6613,45,Comedy,95,6,62
6614,23,Documentary,56,5,58
6615,49,Horror,89,7,91
6616,54,Drama,78,7,73
6617,18,Action,118,2,40
6618,29,Kids,37,1,51
6619,21,Comedy,18,6,67
6620,31,Documentary,52,5,79
6621,46,Horror,56,7,50
6622,47,Drama,108,6,49
6623,26,Drama,47,2,61
6624,32,Kids,33,1,57
6625,53,Romance,6,2,90
6626,56,Horror,47,4,92
6627,48,Action,16,1,62
6628,22,Action,52,1,54
6629,44,Kids,42,7,90
6630,22,Drama,52,7,47
6631,45,Documentary,23,5,97
6632,31,Horror,91,7,56
6633,23,Romance,76,1,80
6634,27,Comedy,52,6,95
6635,50,Documentary,29,5,53
6636,41,Action,48,4,95
6637,26,Romance,80,4,57
6638,32,Horror,62,6,82
6639,31,Sci-Fi,12,2,75
6640,46,Drama,85,7,99
6641,47,Sci-Fi,36,3,83
6642,20,Comedy,119,1,59
6643,27,Horror,39,7,50
6644,20,Kids,83,4,49
6645,41,Horror,24,2,98
6646,52,Action,16,7,81
6647,49,Sci-Fi,78,5,88
6648,56,Romance,111,4,81
6649,57,Kids,26,6,51
6650,44,Kids,61,3,56
6651,58,Comedy,27,1,41
6652,47,Sci-Fi,89,7,63
6653,48,Sci-Fi,15,2,75
6654,31,Drama,101,1,63
6655,48,Kids,100,1,95
6656,57,Romance,117,3,100
6657,28,Kids,57,4,90
6658,20,Horror,86,3,67
6659,53,Sci-Fi,69,6,89
6660,34,Drama,85,3,80
6661,45,Drama,6,4,76
6662,55,Action,15,3,49
6663,56,Kids,117,4,69
6664,29,Comedy,87,4,50
6665,18,Comedy,24,5,70
6666,51,Comedy,96,3,88
6667,52,Romance,69,6,69
6668,36,Comedy,69,7,42
6669,40,Romance,103,7,65
6670,53,Sci-Fi,112,2,45
6671,46,Documentary,30,1,63
6672,43,Kids,38,7,56
6673,51,Action,97,2,53
6674,38,Action,17,6,68
6675,43,Sci-Fi,80,5,49
6676,58,Drama,37,6,61
6677,34,Comedy,92,3,71
6678,19,Comedy,83,5,100
6679,53,Action,24,2,81
6680,54,Sci-Fi,41,6,41
6681,60,Action,19,3,61
6682,50,Sci-Fi,50,7,86
6683,38,Drama,104,4,64
6684,53,Documentary,73,2,76
6685,21,Documentary,114,3,98
6686,45,Kids,15,5,79
6687,35,Documentary,53,2,80
6688,24,Comedy,119,4,53
6689,27,Kids,52,4,74
6690,20,Documentary,94,6,90
6691,55,Comedy,49,4,99
6692,31,Horror,106,6,42
6693,48,Romance,110,1,60
6694,23,Comedy,49,7,80
6695,30,Comedy,118,5,86
6696,19,Action,44,1,80
6697,51,Kids,40,1,87
6698,38,Action,62,7,78
6699,52,Action,112,7,47
6700,19,Kids,17,1,51
6701,55,Documentary,40,5,93
6702,39,Kids,26,3,62
6703,19,Drama,57,1,99
6704,33,Drama,99,6,93
6705,44,Drama,82,4,60
6706,51,Kids,30,6,94
6707,53,Horror,61,6,50
6708,36,Documentary,98,4,69
6709,27,Horror,119,2,42
6710,37,Documentary,13,6,88
6711,33,Horror,103,3,89
6712,48,Romance,23,2,49
6713,44,Sci-Fi,79,3,40
6714,48,Horror,100,4,47
6715,25,Kids,113,6,40
6716,46,Drama,112,1,68
6717,31,Horror,7,5,65
6718,60,Documentary,113,2,67
6719,44,Drama,60,5,62
6720,50,Comedy,56,5,64
6721,51,Sci-Fi,79,3,47
6722,50,Documentary,100,2,85
6723,47,Romance,108,3,74
6724,44,Comedy,42,6,66
6725,22,Documentary,32,4,68
6726,30,Romance,24,7,57
6727,47,Romance,11,4,77
6728,25,Documentary,8,5,74
6729,47,Documentary,62,3,82
6730,26,Sci-Fi,15,1,41
6731,24,Horror,47,1,85
6732,42,Action,58,5,53
6733,58,Documentary,90,6,84
6734,43,Documentary,36,6,58
6735,33,Comedy,115,1,74
6736,40,Sci-Fi,91,1,44
6737,51,Comedy,95,7,60
6738,36,Sci-Fi,43,1,100
6739,27,Action,75,2,82
6740,25,Sci-Fi,35,1,45
6741,33,Romance,57,1,81
6742,50,Documentary,10,5,97
6743,34,Documentary,69,1,73
6744,45,Kids,100,3,44
6745,28,Horror,114,5,63
6746,47,Action,111,2,60
6747,33,Sci-Fi,90,4,55
6748,32,Drama,43,3,40
6749,39,Romance,102,2,78
6750,40,Kids,92,7,42
6751,45,Action,42,5,58
6752,29,Horror,80,2,68
6753,57,Comedy,114,2,74
6754,56,Sci-Fi,79,3,66
6755,52,Kids,20,1,44
6756,22,Comedy,104,3,78
6757,54,Horror,70,1,92
6758,27,Documentary,69,1,77
6759,28,Horror,19,3,82
6760,37,Sci-Fi,19,1,52
6761,33,Kids,66,1,85
6762,30,Drama,95,5,69
6763,21,Action,28,4,79
6764,57,Comedy,44,2,41
6765,40,Documentary,61,2,87
6766,52,Sci-Fi,51,4,69
6767,57,Romance,94,7,93
6768,50,Sci-Fi,16,7,45
6769,46,Action,38,3,59
6770,39,Romance,17,3,41
6771,22,Horror,46,2,43
6772,27,Comedy,101,6,64
6773,58,Documentary,99,7,45
6774,52,Romance,64,7,47
6775,58,Drama,25,5,76
6776,53,Action,89,4,94
6777,48,Drama,106,6,78
6778,27,Drama,119,3,100
6779,53,Sci-Fi,107,2,45
6780,20,Sci-Fi,65,3,86
6781,55,Romance,16,4,70
6782,50,Action,62,6,53
6783,19,Comedy,73,6,86
6784,20,Action,37,6,66
6785,39,Action,117,5,99
6786,46,Kids,104,3,65
6787,54,Horror,116,1,85
6788,30,Kids,102,4,43
6789,27,Kids,104,5,74
6790,36,Comedy,95,4,92
6791,40,Action,53,1,62
6792,30,Comedy,97,3,60
6793,58,Action,17,2,57
6794,45,Kids,51,4,98
6795,38,Romance,54,1,40
6796,41,Sci-Fi,21,2,100
6797,30,Romance,59,5,75
6798,56,Documentary,20,4,91
6799,32,Horror,12,5,56
6800,23,Documentary,85,7,83
6801,51,Horror,69,3,50
6802,21,Action,80,6,45
6803,19,Horror,69,3,76
6804,21,Documentary,76,7,51
6805,34,Sci-Fi,30,4,81
6806,26,Sci-Fi,113,6,41
6807,49,Sci-Fi,74,5,44
6808,26,Sci-Fi,81,5,69
6809,53,Sci-Fi,97,6,73
6810,33,Romance,39,6,71
6811,35,Comedy,33,1,60
6812,57,Sci-Fi,65,2,99
6813,44,Romance,67,2,66
6814,46,Romance,112,1,82
6815,45,Sci-Fi,52,4,99
6816,26,Comedy,8,5,45
6817,34,Drama,36,4,58
6818,49,Documentary,25,4,79
6819,39,Action,29,6,90
6820,53,Comedy,71,7,76
6821,33,Horror,35,5,66
6822,56,Romance,68,6,79
6823,51,Comedy,81,2,48
6824,53,Romance,52,3,48
6825,45,Kids,98,6,69
6826,18,Documentary,22,2,55
6827,18,Action,8,5,83
6828,56,Drama,105,2,89
6829,30,Drama,74,3,94
6830,57,Action,72,1,65
6831,29,Sci-Fi,10,4,75
6832,25,Documentary,31,6,40
6833,60,Drama,73,1,66
6834,43,Comedy,22,5,45
6835,51,Kids,50,6,100
6836,28,Documentary,26,3,86
6837,46,Drama,51,4,80
6838,46,Sci-Fi,31,7,48
6839,30,Sci-Fi,25,6,62
6840,28,Romance,77,6,83
6841,38,Action,110,5,70
6842,55,Sci-Fi,112,4,83
6843,35,Action,45,6,66
6844,60,Drama,18,4,48
6845,20,Action,19,3,74
6846,20,Action,50,4,63
6847,50,Horror,84,2,74
6848,27,Romance,110,1,54
6849,23,Documentary,90,2,95
6850,24,Drama,24,6,95
6851,36,Romance,19,2,61
6852,42,Horror,85,4,63
6853,53,Drama,24,1,46
6854,18,Documentary,55,3,92
6855,48,Documentary,96,5,56
6856,37,Kids,36,7,84
6857,24,Kids,50,1,61
6858,46,Comedy,33,6,77
6859,48,Action,37,4,83
6860,58,Sci-Fi,112,6,90
6861,43,Comedy,47,4,86
6862,25,Action,26,2,62
6863,31,Documentary,39,5,82
6864,21,Romance,101,7,77
6865,57,Horror,82,2,89
6866,28,Horror,81,1,68
6867,36,Comedy,16,7,52
6868,46,Documentary,49,5,95
6869,27,Sci-Fi,62,5,79
6870,41,Documentary,83,5,62
6871,57,Comedy,20,5,80
6872,26,Action,97,2,58
6873,35,Sci-Fi,15,2,81
6874,45,Romance,19,1,79
6875,43,Drama,32,1,84
6876,44,Romance,97,1,76
6877,52,Horror,48,6,99
6878,59,Romance,93,5,57
6879,22,Kids,26,4,52
6880,60,Sci-Fi,50,6,42
6881,26,Documentary,68,7,73
6882,36,Sci-Fi,83,6,44
6883,59,Comedy,76,4,76
6884,54,Romance,76,5,61
6885,38,Documentary,38,7,43
6886,50,Horror,96,4,40
6887,45,Sci-Fi,119,1,97
6888,44,Drama,87,7,47
6889,26,Sci-Fi,79,6,41
6890,60,Drama,38,2,89
6891,39,Romance,15,1,63
6892,35,Comedy,60,5,51
6893,36,Action,32,4,66
6894,43,Horror,64,4,88
6895,58,Horror,77,2,55
6896,35,Drama,26,1,53
6897,47,Documentary,24,3,91
6898,44,Horror,20,3,70
6899,34,Comedy,32,6,68
6900,39,Drama,103,1,67
6901,58,Horror,97,7,42
6902,46,Action,78,3,94
6903,25,Comedy,16,3,80
6904,29,Drama,16,7,66
6905,28,Romance,98,4,52
6906,22,Documentary,22,3,65
6907,42,Action,109,7,88
6908,55,Comedy,18,2,66
6909,31,Comedy,7,5,63
6910,42,Horror,92,4,53
6911,44,Kids,111,5,100
6912,35,Comedy,72,6,68
6913,50,Comedy,62,6,62
6914,23,Comedy,108,6,82
6915,27,Sci-Fi,63,1,56
6916,51,Horror,23,3,100
6917,49,Kids,95,1,100
6918,48,Horror,6,2,72
6919,20,Action,109,5,89
6920,26,Romance,9,6,85
6921,25,Action,84,1,92
6922,38,Kids,23,1,74
6923,44,Romance,112,5,96
6924,40,Sci-Fi,114,7,86
6925,28,Horror,29,7,87
6926,51,Drama,12,6,81
6927,40,Action,56,2,64
6928,29,Drama,82,7,54
6929,52,Romance,53,4,79
6930,59,Horror,47,7,61
6931,52,Romance,108,1,52
6932,59,Documentary,107,3,63
6933,41,Romance,61,6,49
6934,20,Comedy,7,7,52
6935,19,Sci-Fi,25,6,98
6936,46,Kids,85,5,57
6937,57,Action,53,2,44
6938,43,Horror,84,6,48
6939,23,Horror,34,5,41
6940,40,Comedy,20,7,40
6941,55,Sci-Fi,103,3,66
6942,20,Sci-Fi,38,2,93
6943,55,Drama,117,1,82
6944,54,Action,11,6,96
6945,24,Kids,114,2,54
6946,54,Romance,29,1,72
6947,46,Horror,17,1,70
6948,57,Romance,60,5,74
6949,46,Documentary,99,4,63
6950,18,Sci-Fi,76,4,87
6951,44,Horror,41,2,67
6952,54,Drama,12,2,60
6953,33,Kids,33,1,59
6954,29,Comedy,92,3,99
6955,57,Horror,25,1,78
6956,39,Horror,94,3,79
6957,28,Documentary,66,5,44
6958,54,Action,39,2,73
6959,56,Horror,83,5,55
6960,36,Comedy,31,1,81
6961,24,Drama,107,5,40
6962,24,Action,117,7,82
6963,51,Horror,14,3,94
6964,57,Action,33,5,61
6965,51,Drama,51,2,54
6966,25,Sci-Fi,71,6,96
6967,23,Romance,66,7,68
6968,60,Documentary,53,2,49
6969,28,Sci-Fi,107,3,84
6970,44,Sci-Fi,118,7,69
6971,59,Comedy,38,5,69
6972,35,Kids,18,1,73
6973,21,Comedy,52,4,86
6974,32,Drama,12,7,87
6975,59,Comedy,105,6,95
6976,39,Comedy,14,3,69
6977,59,Comedy,92,6,69
6978,39,Sci-Fi,92,3,94
6979,25,Romance,92,7,54
6980,43,Drama,62,7,60
6981,31,Action,110,5,78
6982,28,Documentary,99,5,96
6983,21,Comedy,31,7,57
6984,46,Drama,54,5,87
6985,35,Kids,31,3,86
6986,38,Kids,77,1,53
6987,58,Kids,53,2,98
6988,18,Romance,52,5,63
6989,53,Sci-Fi,92,7,92
6990,21,Romance,68,7,91
6991,49,Action,106,6,87
6992,50,Sci-Fi,87,5,83
6993,44,Romance,54,1,48
6994,37,Action,83,5,46
6995,28,Romance,95,5,56
6996,58,Romance,8,3,46
6997,19,Comedy,108,6,83
6998,25,Action,44,5,66
6999,24,Sci-Fi,72,1,73
7000,44,Drama,64,1,95
7001,47,Action,40,7,43
7002,58,Documentary,41,7,96
7003,31,Drama,44,2,82
7004,19,Documentary,89,7,79
7005,35,Documentary,106,4,77
7006,53,Action,107,2,96
7007,31,Action,86,2,68
7008,53,Action,33,1,89
7009,57,Documentary,17,2,61
7010,42,Action,51,1,43
7011,25,Drama,32,1,72
7012,23,Romance,39,2,96
7013,30,Documentary,94,6,72
7014,41,Action,54,3,61
7015,40,Drama,106,3,41
7016,20,Kids,95,1,46
7017,58,Romance,42,1,71
7018,23,Action,23,3,52
7019,38,Documentary,102,1,41
7020,51,Sci-Fi,70,6,77
7021,44,Horror,93,5,67
7022,25,Sci-Fi,40,6,88
7023,60,Documentary,24,3,91
7024,19,Sci-Fi,59,6,75
7025,39,Documentary,82,7,85
7026,38,Action,35,2,53
7027,45,Sci-Fi,41,7,83
7028,23,Romance,20,6,69
7029,43,Comedy,13,1,53
7030,56,Sci-Fi,74,3,75
7031,49,Documentary,67,6,44
7032,54,Documentary,119,7,64
7033,42,Comedy,118,6,48
7034,26,Documentary,84,1,51
7035,30,Action,83,5,65
7036,25,Documentary,101,7,82
7037,44,Documentary,67,4,86
7038,54,Comedy,51,7,59
7039,35,Comedy,60,4,89
7040,59,Action,40,1,76
7041,60,Kids,70,3,88
7042,33,Drama,18,3,86
7043,59,Kids,49,3,53
7044,54,Romance,25,5,97
7045,45,Comedy,93,1,60
7046,20,Sci-Fi,49,1,61
7047,56,Sci-Fi,39,6,80
7048,37,Romance,9,4,66
7049,57,Horror,97,5,57
7050,53,Drama,110,1,53
7051,40,Drama,56,1,88
7052,29,Kids,39,2,83
7053,28,Romance,64,1,68
7054,40,Romance,55,4,83
7055,25,Horror,113,3,89
7056,25,Sci-Fi,20,4,68
7057,45,Comedy,44,6,54
7058,45,Action,70,1,40
7059,40,Drama,96,1,63
7060,43,Kids,62,7,46
7061,32,Documentary,98,6,83
7062,57,Kids,104,4,60
7063,27,Comedy,22,1,69
7064,24,Documentary,52,4,76
7065,43,Action,65,5,70
7066,57,Comedy,97,1,88
7067,27,Documentary,61,3,94
7068,27,Sci-Fi,92,4,70
7069,23,Drama,94,7,53
7070,43,Kids,117,5,70
7071,21,Drama,5,2,96
7072,48,Action,69,7,43
7073,27,Documentary,80,1,100
7074,26,Horror,94,7,57
7075,43,Action,56,1,81
7076,37,Drama,92,3,93
7077,28,Action,33,7,49
7078,44,Horror,96,3,86
7079,45,Sci-Fi,50,5,81
7080,43,Horror,22,2,91
7081,53,Action,96,7,61
7082,38,Comedy,92,7,53
7083,37,Action,78,3,94
7084,41,Sci-Fi,116,7,59
7085,49,Documentary,93,3,84
7086,53,Comedy,43,5,41
7087,22,Action,42,4,94
7088,20,Romance,113,7,44
7089,52,Action,40,1,88
7090,30,Horror,80,2,60
7091,24,Documentary,36,3,85
7092,57,Drama,73,1,80
7093,21,Horror,70,6,67
7094,35,Documentary,69,7,64
7095,45,Action,24,1,57
7096,36,Comedy,86,2,92
7097,28,Comedy,102,2,47
7098,46,Horror,120,5,60
7099,26,Comedy,120,1,83
7100,21,Sci-Fi,73,1,84
7101,36,Action,91,1,100
7102,40,Horror,109,7,86
7103,48,Romance,92,4,64
7104,35,Romance,119,6,63
7105,19,Comedy,53,3,57
7106,33,Documentary,84,1,79
7107,30,Action,20,6,83
7108,56,Action,10,1,43
7109,47,Sci-Fi,56,6,89
7110,45,Comedy,11,1,100
7111,32,Drama,41,6,79
7112,40,Sci-Fi,40,1,40
7113,51,Horror,31,2,70
7114,37,Action,39,5,73
7115,44,Horror,37,7,76
7116,41,Kids,50,2,61
7117,27,Sci-Fi,25,3,72
7118,32,Romance,119,2,68
7119,49,Comedy,14,7,87
7120,53,Documentary,69,6,58
7121,29,Action,80,6,99
7122,57,Kids,64,6,57
7123,23,Sci-Fi,61,3,81
7124,49,Comedy,81,6,99
7125,23,Drama,59,2,100
7126,29,Kids,78,3,99
7127,48,Sci-Fi,78,6,88
7128,55,Drama,37,1,95
7129,27,Drama,101,7,89
7130,60,Kids,42,5,40
7131,55,Kids,79,1,41
7132,32,Comedy,49,7,91
7133,35,Kids,78,4,91
7134,28,Sci-Fi,62,4,72
7135,55,Action,47,7,73
7136,35,Romance,25,7,93
7137,50,Kids,61,6,46
7138,18,Kids,49,2,66
7139,44,Comedy,112,2,66
7140,33,Romance,98,3,75
7141,20,Romance,83,5,78
7142,44,Horror,19,4,70
7143,46,Comedy,82,6,79
7144,37,Sci-Fi,76,2,80
7145,38,Action,78,6,44
7146,23,Documentary,108,7,65
7147,38,Drama,44,4,47
7148,37,Comedy,72,6,55
7149,40,Kids,53,5,46
7150,54,Kids,13,3,72
7151,21,Comedy,75,6,46
7152,60,Romance,75,3,42
7153,33,Comedy,103,6,69
7154,19,Drama,42,4,61
7155,41,Comedy,25,6,79
7156,46,Romance,76,1,46
7157,30,Kids,77,4,77
7158,24,Romance,50,6,98
7159,33,Romance,51,2,44
7160,44,Action,21,7,87
7161,25,Drama,10,6,65
7162,45,Romance,76,3,98
7163,37,Romance,120,5,45
7164,54,Kids,117,3,56
7165,49,Horror,19,5,76
7166,42,Horror,54,3,95
7167,36,Drama,26,2,64
7168,52,Documentary,43,5,52
7169,42,Comedy,59,4,81
7170,47,Romance,29,3,86
7171,53,Action,32,5,65
7172,23,Kids,104,1,76
7173,26,Romance,35,2,71
7174,51,Comedy,58,6,49
7175,20,Documentary,26,4,68
7176,24,Comedy,112,4,97
7177,38,Drama,52,3,67
7178,45,Sci-Fi,78,5,64
7179,51,Horror,95,7,82
7180,25,Horror,87,1,78
7181,22,Action,27,7,100
7182,52,Action,33,2,52
7183,43,Drama,112,3,82
7184,26,Comedy,114,3,40
7185,26,Documentary,115,2,61
7186,58,Action,74,4,87
7187,25,Comedy,81,4,45
7188,51,Horror,45,2,67
7189,21,Sci-Fi,28,3,40
7190,45,Sci-Fi,6,7,88
7191,19,Romance,96,5,48
7192,21,Horror,48,4,73
7193,30,Drama,90,1,90
7194,30,Horror,95,3,69
7195,21,Kids,60,4,74
7196,41,Horror,108,2,49
7197,59,Action,89,6,87
7198,42,Action,62,2,75
7199,27,Comedy,117,6,84
7200,32,Comedy,11,3,81
7201,25,Romance,40,3,43
7202,48,Horror,30,3,66
7203,26,Kids,98,2,100
7204,48,Drama,57,2,82
7205,37,Sci-Fi,60,6,68
7206,37,Kids,11,3,41
7207,38,Horror,86,3,46
7208,41,Horror,117,4,83
7209,57,Action,117,3,83
7210,19,Documentary,45,1,61
7211,27,Comedy,14,1,57
7212,23,Documentary,48,3,59
7213,45,Romance,97,5,43
7214,56,Comedy,73,2,52
7215,24,Sci-Fi,44,4,74
7216,42,Drama,15,1,78
7217,49,Kids,34,5,99
7218,24,Drama,86,6,78
7219,35,Kids,75,2,78
7220,54,Romance,92,7,42
7221,36,Romance,31,7,46
7222,28,Action,63,7,45
7223,22,Action,12,6,55
7224,18,Kids,98,2,70
7225,53,Sci-Fi,97,4,78
7226,34,Documentary,15,5,97
7227,36,Drama,33,5,41
7228,34,Kids,101,5,98
7229,57,Comedy,10,1,61
7230,59,Action,102,3,77
7231,32,Drama,115,3,94
7232,52,Romance,44,6,48
7233,32,Horror,33,2,56
7234,40,Comedy,46,3,73
7235,54,Horror,23,3,51
7236,31,Comedy,94,1,73
7237,34,Romance,14,4,89
7238,43,Sci-Fi,41,4,52
7239,43,Documentary,109,1,93
7240,33,Drama,104,7,47
7241,33,Comedy,118,6,51
7242,28,Sci-Fi,12,6,83
7243,56,Horror,112,6,50
7244,52,Horror,102,5,93
7245,45,Action,71,4,57
7246,58,Kids,63,1,67
7247,20,Drama,25,4,69
7248,34,Horror,44,2,85
7249,19,Comedy,21,7,76
7250,41,Documentary,69,5,82
7251,43,Sci-Fi,55,7,93
7252,32,Sci-Fi,51,1,82
7253,44,Comedy,37,4,85
7254,20,Action,90,3,40
7255,36,Documentary,105,5,42
7256,27,Comedy,15,1,50
7257,25,Comedy,89,2,50
7258,56,Drama,11,5,52
7259,50,Romance,11,2,66
7260,60,Drama,15,5,98
7261,58,Documentary,92,2,94
7262,50,Action,83,3,64
7263,26,Romance,7,5,41
7264,36,Drama,109,2,89
7265,52,Kids,23,4,100
7266,27,Sci-Fi,54,1,71
7267,34,Kids,102,4,69
7268,45,Comedy,40,1,55
7269,26,Sci-Fi,104,3,52
7270,54,Documentary,10,2,54
7271,42,Horror,28,6,60
7272,41,Drama,92,7,62
7273,45,Romance,37,5,53
7274,45,Romance,46,4,66
7275,36,Comedy,90,3,86
7276,24,Sci-Fi,102,5,78
7277,43,Comedy,90,7,60
7278,22,Romance,29,3,79
7279,27,Documentary,103,6,72
7280,46,Sci-Fi,31,6,82
7281,47,Documentary,69,7,81
7282,21,Romance,8,6,65
7283,58,Comedy,57,5,65
7284,37,Comedy,30,6,56
7285,60,Sci-Fi,105,4,73
7286,49,Horror,100,3,78
7287,48,Sci-Fi,58,2,94
7288,21,Drama,19,1,57
7289,51,Drama,75,7,51
7290,53,Kids,91,4,75
7291,38,Romance,96,1,46
7292,35,Comedy,99,6,70
7293,38,Romance,84,1,53
7294,37,Drama,12,2,96
7295,54,Drama,56,4,72
7296,37,Sci-Fi,39,3,70
7297,47,Comedy,40,1,69
7298,56,Kids,80,1,72
7299,18,Romance,118,7,77
7300,29,Kids,47,6,64
7301,42,Documentary,75,2,99
7302,38,Horror,104,1,53
7303,33,Comedy,68,3,98
7304,59,Documentary,41,6,53
7305,49,Comedy,26,3,99
7306,31,Drama,6,1,84
7307,54,Kids,119,2,100
7308,45,Kids,27,5,80
7309,49,Drama,62,4,80
7310,43,Romance,15,2,76
7311,25,Horror,98,6,59
7312,29,Sci-Fi,13,7,91
7313,37,Romance,103,1,93
7314,56,Comedy,30,1,67
7315,24,Horror,114,6,75
7316,51,Sci-Fi,94,7,59
7317,35,Documentary,11,2,98
7318,44,Romance,64,5,73
7319,28,Drama,33,2,87
7320,51,Romance,51,6,78
7321,57,Comedy,119,2,99
7322,35,Horror,66,2,57
7323,35,Romance,75,1,57
7324,28,Kids,119,3,50
7325,35,Documentary,66,7,94
7326,33,Kids,28,3,63
7327,29,Documentary,34,3,85
7328,19,Sci-Fi,29,2,86
7329,34,Romance,103,5,90
7330,31,Action,66,7,74
7331,44,Horror,33,6,68
7332,23,Documentary,65,3,97
7333,24,Action,9,1,76
7334,47,Documentary,24,1,99
7335,42,Comedy,117,6,56
7336,37,Drama,35,2,63
7337,19,Romance,103,5,84
7338,32,Sci-Fi,57,3,43
7339,35,Horror,26,3,44
7340,59,Sci-Fi,21,5,95
7341,36,Comedy,41,4,59
7342,40,Romance,54,6,97
7343,25,Romance,13,7,99
7344,59,Drama,8,2,54
7345,42,Drama,29,2,44
7346,40,Romance,107,6,74
7347,25,Drama,25,3,90
7348,40,Kids,58,7,83
7349,23,Romance,57,3,79
7350,22,Kids,5,4,65
7351,47,Action,36,5,83
7352,20,Comedy,107,2,73
7353,32,Action,96,6,57
7354,38,Romance,44,6,60
7355,24,Sci-Fi,106,3,75
7356,19,Horror,55,4,77
7357,26,Action,57,6,46
7358,55,Romance,90,6,92
7359,21,Comedy,22,2,72
7360,33,Kids,64,6,100
7361,56,Comedy,118,1,46
7362,46,Action,51,5,65
7363,28,Comedy,117,3,89
7364,34,Drama,83,1,94
7365,50,Horror,12,2,64
7366,45,Action,79,5,98
7367,53,Documentary,71,3,99
7368,48,Drama,113,6,62
7369,33,Comedy,72,4,72
7370,43,Documentary,30,4,48
7371,46,Sci-Fi,20,4,70
7372,29,Kids,77,3,49
7373,56,Documentary,24,3,67
7374,48,Drama,59,4,91
7375,35,Comedy,45,1,100
7376,26,Sci-Fi,49,5,63
7377,58,Drama,80,7,62
7378,53,Romance,100,4,64
7379,49,Documentary,37,2,96
7380,29,Romance,63,6,58
7381,18,Sci-Fi,25,3,81
7382,43,Romance,37,2,83
7383,29,Documentary,88,6,69
7384,40,Sci-Fi,102,1,70
7385,39,Sci-Fi,38,5,100
7386,44,Horror,111,2,80
7387,35,Drama,70,4,66
7388,60,Romance,72,4,93
7389,23,Drama,83,7,43
7390,21,Action,88,5,50
7391,59,Sci-Fi,17,7,89
7392,27,Action,39,6,66
7393,44,Comedy,23,2,92
7394,43,Romance,120,4,57
7395,35,Comedy,19,6,73
7396,43,Comedy,81,4,49
7397,55,Sci-Fi,5,7,54
7398,26,Drama,39,6,97
7399,41,Drama,112,2,68
7400,32,Action,83,6,52
7401,28,Kids,47,1,42
7402,23,Documentary,97,6,90
7403,60,Action,24,1,52
7404,53,Horror,108,7,44
7405,50,Kids,84,4,46
7406,33,Horror,19,2,78
7407,55,Documentary,70,2,83
7408,54,Action,41,2,56
7409,31,Horror,92,2,86
7410,22,Drama,115,3,55
7411,28,Sci-Fi,62,4,84
7412,60,Drama,37,3,59
7413,37,Horror,117,1,65
7414,27,Sci-Fi,115,1,43
7415,19,Documentary,14,3,98
7416,60,Comedy,100,2,85
7417,54,Horror,82,3,87
7418,43,Action,44,1,97
7419,35,Comedy,28,1,83
7420,33,Comedy,47,1,93
7421,24,Sci-Fi,70,5,76
7422,37,Sci-Fi,108,2,40
7423,45,Romance,25,7,89
7424,29,Sci-Fi,89,7,40
7425,52,Kids,10,3,85
7426,25,Comedy,46,2,58
7427,58,Documentary,86,6,64
7428,19,Kids,88,6,62
7429,24,Romance,120,4,52
7430,58,Comedy,120,1,58
7431,23,Action,13,2,94
7432,24,Drama,68,7,63
7433,42,Sci-Fi,14,5,57
7434,57,Sci-Fi,27,3,95
7435,30,Romance,66,3,92
7436,51,Kids,6,4,58
7437,25,Romance,29,4,51
7438,25,Action,27,5,95
7439,35,Action,73,2,43
7440,43,Sci-Fi,35,6,93
7441,43,Comedy,93,6,41
7442,20,Documentary,93,2,89
7443,40,Action,9,6,40
7444,39,Horror,51,7,45
7445,25,Drama,30,7,78
7446,25,Action,113,4,53
7447,41,Comedy,70,4,82
7448,40,Action,33,1,87
7449,19,Horror,99,5,82
7450,43,Comedy,79,7,64
7451,23,Comedy,29,6,55
7452,38,Romance,7,2,51
7453,25,Horror,102,3,69
7454,25,Romance,92,6,83
7455,36,Romance,25,5,47
7456,36,Romance,16,3,55
7457,33,Drama,36,7,59
7458,23,Kids,16,2,42
7459,20,Kids,102,4,96
7460,52,Kids,16,5,84
7461,27,Romance,26,4,52
7462,23,Documentary,64,4,58
7463,37,Sci-Fi,117,1,99
7464,22,Drama,21,7,64
7465,48,Romance,37,5,88
7466,43,Comedy,107,3,45
7467,24,Kids,115,3,45
7468,28,Action,110,4,40
7469,56,Horror,67,2,80
7470,46,Action,75,2,72
7471,40,Horror,38,7,61
7472,55,Horror,108,6,42
7473,50,Kids,99,2,88
7474,48,Comedy,58,1,68
7475,48,Action,111,5,100
7476,28,Kids,65,5,98
7477,60,Action,116,1,70
7478,25,Kids,120,1,84
7479,58,Romance,56,6,66
7480,38,Romance,68,7,73
7481,54,Drama,99,3,78
7482,54,Kids,111,2,71
7483,59,Drama,77,6,53
7484,19,Drama,89,3,70
7485,36,Romance,93,7,90
7486,50,Action,35,7,71
7487,18,Romance,60,3,78
7488,34,Kids,31,3,68
7489,36,Romance,78,2,50
7490,58,Romance,112,7,52
7491,39,Horror,25,6,88
7492,18,Drama,81,2,100
7493,29,Comedy,11,1,43
7494,54,Kids,9,6,68
7495,27,Documentary,102,7,53
7496,38,Documentary,65,1,88
7497,22,Horror,46,5,65
7498,52,Horror,54,6,92
7499,56,Documentary,24,6,85
7500,38,Drama,75,1,52
7501,25,Action,5,7,83
7502,49,Sci-Fi,73,6,85
7503,58,Drama,96,2,83
7504,34,Action,98,7,79
7505,20,Documentary,59,7,75
7506,44,Sci-Fi,58,6,60
7507,26,Action,88,5,63
7508,35,Kids,102,2,95
7509,22,Romance,55,1,84
7510,55,Comedy,60,2,56
7511,23,Kids,97,1,47
7512,34,Kids,95,6,49
7513,58,Comedy,94,5,86
7514,20,Comedy,19,1,71
7515,48,Kids,95,4,50
7516,42,Comedy,50,3,97
7517,19,Kids,42,5,66
7518,31,Horror,88,7,74
7519,27,Sci-Fi,23,5,88
7520,52,Comedy,85,1,88
7521,59,Action,43,6,88
7522,43,Action,110,3,51
7523,59,Drama,118,5,47
7524,38,Sci-Fi,8,3,57
7525,20,Romance,65,1,50
7526,57,Drama,102,6,57
7527,29,Kids,33,4,81
7528,47,Sci-Fi,103,7,73
7529,29,Drama,23,5,74
7530,57,Documentary,86,3,45
7531,25,Drama,95,7,100
7532,36,Horror,22,7,50
7533,29,Sci-Fi,39,3,75
7534,28,Romance,58,5,65
7535,22,Action,95,3,70
7536,34,Kids,67,5,91
7537,22,Comedy,21,2,73
7538,20,Comedy,27,6,59
7539,20,Sci-Fi,98,3,82
7540,23,Romance,84,4,55
7541,37,Kids,112,2,80
7542,22,Action,41,4,68
7543,38,Documentary,69,1,97
7544,37,Action,58,4,58
7545,47,Comedy,11,7,57
7546,57,Kids,57,5,67
7547,58,Kids,47,3,74
7548,39,Documentary,92,3,95
7549,20,Documentary,72,2,89
7550,43,Kids,73,5,74
7551,26,Comedy,14,6,69
7552,31,Kids,44,2,71
7553,60,Action,108,2,73
7554,26,Horror,98,5,94
7555,19,Romance,54,6,89
7556,55,Drama,108,5,100
7557,20,Kids,47,5,87
7558,50,Comedy,50,2,88
7559,23,Sci-Fi,74,2,89
7560,59,Documentary,46,6,59
7561,46,Action,114,5,76
7562,57,Horror,60,7,75
7563,28,Sci-Fi,94,4,41
7564,19,Sci-Fi,50,7,63
7565,39,Kids,101,6,51
7566,45,Horror,120,1,81
7567,19,Action,13,1,76
7568,21,Kids,28,5,76
7569,34,Comedy,112,6,75
7570,57,Action,53,4,41
7571,23,Kids,107,1,96
7572,49,Romance,111,4,76
7573,43,Comedy,117,1,65
7574,49,Action,23,1,66
7575,47,Action,108,5,44
7576,25,Horror,63,7,49
7577,50,Comedy,7,2,74
7578,32,Sci-Fi,11,7,97
7579,31,Comedy,85,7,73
7580,26,Horror,39,1,91
7581,28,Drama,111,1,62
7582,42,Kids,112,4,82
7583,53,Horror,51,1,87
7584,49,Drama,85,4,49
7585,29,Action,66,1,69
7586,35,Comedy,36,3,94
7587,21,Comedy,54,2,58
7588,27,Romance,22,5,41
7589,46,Romance,34,2,90
7590,29,Comedy,115,7,93
7591,24,Horror,32,5,49
7592,24,Documentary,52,1,65
7593,34,Horror,64,5,51
7594,59,Romance,105,4,79
7595,31,Action,78,7,49
7596,33,Horror,110,7,86
7597,23,Horror,39,2,57
7598,19,Documentary,55,3,92
7599,40,Drama,26,4,88
7600,33,Comedy,81,4,69
7601,52,Romance,118,5,60
7602,27,Romance,19,1,69
7603,47,Documentary,12,3,89
7604,54,Romance,28,5,67
7605,54,Romance,60,4,97
7606,31,Romance,51,5,46
7607,46,Comedy,66,1,98
7608,49,Drama,8,4,70
7609,48,Documentary,111,2,43
7610,21,Horror,43,2,76
7611,26,Sci-Fi,111,7,52
7612,57,Action,64,4,59
7613,24,Comedy,21,2,98
7614,26,Documentary,12,5,45
7615,25,Action,55,6,74
7616,20,Documentary,63,5,57
7617,55,Action,5,5,57
7618,52,Sci-Fi,58,1,84
7619,50,Action,111,5,96
7620,51,Romance,65,7,54
7621,26,Drama,41,3,50
7622,39,Documentary,28,1,83
7623,18,Romance,53,2,55
7624,24,Documentary,98,4,76
7625,42,Romance,27,4,87
7626,50,Romance,112,5,92
7627,40,Sci-Fi,71,4,73
7628,24,Horror,82,7,98
7629,27,Romance,91,4,66
7630,19,Action,61,1,43
7631,58,Horror,24,3,83
7632,60,Action,40,5,85
7633,42,Comedy,26,6,86
7634,48,Horror,97,3,97
7635,23,Romance,10,7,81
7636,53,Documentary,112,6,58
7637,49,Action,9,7,81
7638,27,Drama,109,3,99
7639,51,Action,48,1,86
7640,31,Action,85,6,44
7641,30,Romance,31,1,85
7642,22,Horror,91,1,81
7643,43,Horror,20,1,41
7644,48,Documentary,40,2,56
7645,44,Romance,112,3,42
7646,31,Kids,97,4,83
7647,30,Documentary,104,2,82
7648,30,Kids,26,4,91
7649,42,Horror,37,1,97
7650,37,Documentary,28,4,88
7651,52,Romance,120,6,65
7652,30,Romance,104,6,63
7653,48,Documentary,61,4,89
7654,38,Kids,101,3,51
7655,50,Horror,33,7,48
7656,18,Romance,26,7,40
7657,37,Documentary,19,5,79
7658,32,Sci-Fi,75,1,52
7659,51,Documentary,81,1,52
7660,21,Drama,38,4,76
7661,50,Action,83,4,55
7662,52,Documentary,97,1,50
7663,28,Horror,46,4,96
7664,49,Action,119,6,99
7665,35,Romance,6,5,70
7666,22,Action,33,4,97
7667,28,Action,66,3,78
7668,32,Romance,75,4,89
7669,38,Drama,66,5,80
7670,46,Action,18,3,73
7671,44,Drama,36,7,67
7672,47,Kids,75,4,82
7673,43,Action,54,4,40
7674,59,Romance,41,2,51
7675,49,Documentary,48,3,42
7676,32,Romance,107,3,55
7677,60,Kids,43,3,91
7678,30,Documentary,6,2,59
7679,21,Romance,11,4,67
7680,45,Horror,54,4,44
7681,45,Romance,65,7,84
7682,20,Sci-Fi,17,6,64
7683,45,Documentary,79,3,90
7684,30,Drama,70,6,83
7685,42,Documentary,62,5,59
7686,41,Comedy,18,7,47
7687,35,Documentary,72,2,44
7688,51,Action,107,1,85
7689,46,Horror,5,2,42
7690,60,Action,90,2,53
7691,28,Action,110,2,86
7692,21,Drama,50,5,42
7693,48,Romance,119,3,70
7694,34,Drama,19,1,83
7695,24,Documentary,63,6,77
7696,28,Horror,113,3,74
7697,33,Sci-Fi,29,5,66
7698,44,Drama,35,6,78
7699,43,Romance,40,5,95
7700,52,Romance,58,2,78
7701,18,Horror,52,6,63
7702,22,Romance,75,1,45
7703,31,Kids,73,3,66
7704,56,Romance,31,4,56
7705,30,Sci-Fi,19,7,41
7706,35,Drama,62,4,91
7707,51,Sci-Fi,22,2,45
7708,59,Sci-Fi,112,1,91
7709,60,Horror,80,3,90
7710,46,Action,83,5,63
7711,47,Action,36,3,98
7712,23,Romance,75,5,93
7713,53,Horror,48,5,77
7714,54,Documentary,78,2,76
7715,58,Kids,36,6,96
7716,55,Drama,70,2,83
7717,27,Romance,52,4,86
7718,53,Action,27,1,63
7719,34,Drama,86,7,63
7720,46,Kids,52,6,95
7721,34,Romance,84,1,69
7722,58,Sci-Fi,99,7,97
7723,29,Comedy,67,7,51
7724,52,Horror,53,3,51
7725,56,Kids,120,3,97
7726,29,Sci-Fi,11,6,66
7727,19,Documentary,102,7,86
7728,56,Kids,88,3,46
7729,51,Kids,71,7,86
7730,21,Documentary,92,1,68
7731,48,Sci-Fi,51,7,94
7732,37,Documentary,50,4,54
7733,46,Horror,41,6,50
7734,21,Sci-Fi,77,5,85
7735,21,Documentary,105,7,99
7736,54,Sci-Fi,109,5,61
7737,20,Documentary,114,6,53
7738,22,Horror,58,3,99
7739,49,Sci-Fi,38,6,47
7740,58,Drama,106,5,99
7741,56,Action,67,7,57
7742,38,Comedy,89,1,49
7743,27,Kids,118,3,67
7744,48,Drama,75,2,41
7745,35,Action,77,2,82
7746,42,Sci-Fi,49,6,60
7747,24,Comedy,31,1,97
7748,59,Action,44,4,62
7749,20,Kids,112,1,87
7750,39,Action,81,4,70
7751,37,Horror,47,6,61
7752,32,Comedy,14,6,99
7753,54,Documentary,97,1,79
7754,49,Action,42,4,65
7755,31,Romance,119,6,71
7756,57,Drama,40,3,65
7757,30,Drama,91,5,77
7758,58,Horror,69,7,99
7759,59,Kids,29,3,63
7760,45,Documentary,46,2,63
7761,38,Romance,61,5,40
7762,32,Kids,19,7,50
7763,54,Romance,27,1,67
7764,56,Kids,37,3,92
7765,19,Romance,6,6,41
7766,53,Comedy,7,3,45
7767,18,Sci-Fi,116,5,41
7768,36,Documentary,7,4,74
7769,36,Drama,21,6,88
7770,60,Kids,13,7,67
7771,53,Romance,39,7,93
7772,44,Horror,60,5,41
7773,60,Horror,74,4,40
7774,23,Horror,62,4,73
7775,45,Documentary,27,3,62
7776,51,Action,107,2,42
7777,38,Kids,120,3,68
7778,25,Comedy,119,6,62
7779,51,Action,107,2,87
7780,26,Documentary,15,1,62
7781,34,Action,28,2,53
7782,47,Kids,91,1,52
7783,43,Documentary,65,4,71
7784,42,Romance,42,7,71
7785,34,Documentary,29,1,59
7786,29,Sci-Fi,104,5,45
7787,28,Comedy,72,4,64
7788,20,Documentary,10,7,96
7789,18,Horror,8,5,83
7790,36,Comedy,118,5,80
7791,42,Drama,120,1,75
7792,32,Drama,112,3,49
7793,46,Sci-Fi,58,6,69
7794,41,Comedy,109,7,78
7795,23,Sci-Fi,19,1,79
7796,26,Documentary,90,2,96
7797,47,Documentary,54,1,50
7798,39,Drama,87,5,66
7799,19,Kids,40,5,89
7800,47,Documentary,65,2,58
7801,52,Sci-Fi,37,3,87
7802,24,Documentary,71,2,62
7803,21,Sci-Fi,46,2,79
7804,19,Horror,101,2,56
7805,49,Sci-Fi,12,6,43
7806,28,Sci-Fi,28,5,85
7807,51,Documentary,62,7,77
7808,26,Romance,46,6,83
7809,39,Drama,44,6,67
7810,38,Horror,76,2,53
7811,36,Romance,57,2,86
7812,33,Action,60,5,59
7813,34,Horror,102,3,77
7814,55,Sci-Fi,117,5,65
7815,53,Sci-Fi,24,1,54
7816,34,Action,50,7,76
7817,60,Horror,58,2,69
7818,56,Horror,19,3,53
7819,43,Documentary,57,3,94
7820,25,Sci-Fi,58,4,97
7821,45,Kids,67,1,91
7822,39,Horror,43,2,57
7823,18,Sci-Fi,28,6,69
7824,42,Horror,72,1,63
7825,23,Action,31,3,68
7826,29,Romance,99,2,41
7827,36,Horror,25,5,73
7828,52,Comedy,56,2,97
7829,56,Sci-Fi,20,6,98
7830,48,Comedy,52,1,99
7831,56,Drama,73,2,67
7832,33,Action,30,2,99
7833,48,Drama,58,3,51
7834,55,Sci-Fi,48,2,99
7835,58,Sci-Fi,74,1,89
7836,35,Horror,42,7,56
7837,29,Action,48,3,60
7838,57,Comedy,41,1,55
7839,34,Drama,27,7,90
7840,33,Horror,51,3,82
7841,56,Kids,47,4,79
7842,35,Horror,76,2,93
7843,52,Comedy,19,3,96
7844,58,Documentary,92,2,47
7845,47,Action,14,6,99
7846,32,Comedy,9,2,98
7847,57,Drama,65,2,53
7848,59,Drama,88,6,49
7849,52,Comedy,66,1,91
7850,40,Sci-Fi,96,7,100
7851,39,Comedy,120,7,42
7852,38,Drama,53,6,55
7853,23,Kids,8,4,99
7854,23,Kids,87,3,53
7855,31,Kids,52,4,52
7856,36,Action,81,6,74
7857,34,Comedy,73,7,85
7858,31,Kids,83,4,91
7859,28,Romance,57,5,97
7860,45,Comedy,101,4,46
7861,43,Drama,94,1,67
7862,33,Horror,28,3,41
7863,27,Kids,113,2,57
7864,35,Action,33,5,75
7865,46,Documentary,110,6,81
7866,21,Kids,99,5,69
7867,52,Drama,57,4,93
7868,24,Drama,106,5,91
7869,36,Action,50,6,42
7870,46,Documentary,115,4,59
7871,18,Documentary,69,5,70
7872,27,Romance,100,7,88
7873,21,Action,71,7,97
7874,22,Romance,117,6,75
7875,48,Comedy,24,7,77
7876,60,Documentary,10,4,55
7877,50,Kids,52,2,49
7878,35,Romance,40,2,53
7879,23,Horror,105,2,100
7880,26,Sci-Fi,12,6,78
7881,35,Kids,96,5,91
7882,47,Horror,62,4,60
7883,20,Drama,44,7,49
7884,42,Comedy,62,5,98
7885,25,Action,110,5,76
7886,48,Comedy,53,4,78
7887,49,Romance,49,7,50
7888,48,Horror,111,4,58
7889,54,Comedy,72,6,55
7890,30,Sci-Fi,53,6,96
7891,38,Comedy,100,2,59
7892,44,Romance,45,1,85
7893,21,Action,21,6,51
7894,49,Kids,15,7,48
7895,21,Romance,78,5,41
7896,53,Horror,89,3,74
7897,37,Horror,115,4,53
7898,38,Documentary,118,3,100
7899,29,Drama,61,7,60
7900,19,Horror,27,5,61
7901,41,Documentary,15,2,86
7902,24,Romance,8,4,95
7903,18,Sci-Fi,66,5,81
7904,28,Drama,52,6,41
7905,37,Kids,45,3,51
7906,34,Action,45,5,85
7907,33,Comedy,114,3,60
7908,36,Drama,29,4,100
7909,52,Kids,64,5,89
7910,20,Horror,89,1,66
7911,34,Sci-Fi,112,6,53
7912,22,Romance,29,6,45
7913,60,Sci-Fi,36,1,64
7914,44,Comedy,65,1,43
7915,48,Action,85,7,71
7916,47,Drama,54,2,42
7917,50,Kids,6,4,63
7918,50,Romance,27,1,44
7919,36,Horror,72,5,78
7920,53,Romance,109,5,59
7921,42,Action,120,1,98
7922,24,Horror,18,4,62
7923,36,Documentary,47,3,71
7924,31,Sci-Fi,77,4,65
7925,51,Kids,69,6,66
7926,47,Comedy,32,1,92
7927,54,Documentary,15,3,73
7928,24,Sci-Fi,32,6,73
7929,19,Documentary,40,6,52
7930,46,Documentary,20,3,58
7931,44,Sci-Fi,85,2,88
7932,24,Kids,31,5,59
7933,42,Kids,66,7,51
7934,46,Sci-Fi,36,6,79
7935,36,Documentary,47,2,40
7936,33,Documentary,6,3,58
7937,45,Documentary,75,1,49
7938,20,Kids,52,4,64
7939,53,Drama,90,5,95
7940,48,Documentary,29,4,68
7941,42,Romance,119,7,87
7942,37,Kids,108,1,88
7943,57,Action,7,2,95
7944,28,Drama,82,1,92
7945,58,Horror,86,2,41
7946,59,Drama,104,4,57
7947,31,Romance,117,7,92
7948,29,Documentary,61,3,53
7949,38,Comedy,28,1,75
7950,37,Drama,93,2,60
7951,40,Horror,88,5,74
7952,35,Horror,52,7,43
7953,37,Romance,11,4,83
7954,48,Comedy,53,3,54
7955,41,Drama,37,5,90
7956,53,Sci-Fi,23,2,98
7957,40,Action,23,3,57
7958,45,Action,95,6,85
7959,55,Horror,49,1,85
7960,39,Action,55,6,81
7961,58,Comedy,96,5,52
7962,28,Horror,58,6,97
7963,53,Drama,110,4,61
7964,29,Comedy,53,6,93
7965,27,Action,20,7,95
7966,45,Kids,36,3,72
7967,59,Action,103,3,42
7968,60,Horror,50,5,98
7969,43,Romance,15,5,86
7970,39,Kids,49,6,91
7971,24,Action,78,1,60
7972,52,Horror,118,2,83
7973,57,Kids,86,2,46
7974,32,Sci-Fi,87,6,57
7975,37,Romance,63,5,83
7976,23,Drama,110,1,67
7977,22,Romance,42,7,58
7978,29,Kids,61,4,60
7979,55,Comedy,110,1,48
7980,21,Sci-Fi,102,7,93
7981,49,Action,41,5,83
7982,46,Action,41,5,61
7983,58,Documentary,33,1,59
7984,56,Kids,35,1,96
7985,39,Documentary,89,5,81
7986,47,Horror,41,1,54
7987,58,Drama,31,2,77
7988,31,Documentary,88,7,60
7989,20,Drama,28,5,68
7990,35,Action,37,3,46
7991,18,Drama,115,7,72
7992,44,Romance,79,3,43
7993,57,Horror,51,3,96
7994,28,Kids,100,7,51
7995,46,Sci-Fi,73,6,48
7996,54,Comedy,96,4,79
7997,54,Drama,69,6,81
7998,42,Kids,18,2,44
7999,25,Action,101,6,83
8000,20,Kids,17,6,41
8001,45,Horror,40,1,96
8002,60,Kids,103,7,84
8003,25,Horror,80,7,95
8004,46,Documentary,80,3,76
8005,46,Romance,7,2,69
8006,29,Drama,107,6,44
8007,60,Comedy,106,1,77
8008,55,Romance,114,3,97
8009,45,Sci-Fi,59,5,63
8010,52,Horror,108,7,85
8011,21,Romance,51,4,41
8012,48,Drama,43,6,67
8013,53,Action,89,3,61
8014,50,Drama,22,4,89
8015,20,Horror,70,7,72
8016,60,Kids,18,5,97
8017,45,Romance,108,4,92
8018,37,Horror,33,1,44
8019,37,Drama,22,2,68
8020,50,Sci-Fi,37,5,85
8021,33,Comedy,90,4,87
8022,50,Action,53,7,99
8023,59,Documentary,26,3,55
8024,51,Romance,10,7,99
8025,40,Action,83,7,88
8026,33,Action,69,7,95
8027,40,Romance,93,7,96
8028,36,Documentary,10,3,54
8029,37,Horror,60,4,50
8030,43,Drama,39,7,64
8031,38,Comedy,68,4,46
8032,34,Documentary,61,7,54
8033,20,Action,89,6,68
8034,29,Sci-Fi,30,7,99
8035,26,Action,92,5,93
8036,22,Action,72,2,79
8037,52,Comedy,80,5,55
8038,32,Documentary,38,6,86
8039,44,Documentary,9,4,44
8040,22,Drama,38,7,74
8041,53,Documentary,66,4,48
8042,29,Sci-Fi,21,4,54
8043,46,Comedy,68,5,74
8044,23,Horror,97,5,59
8045,41,Romance,107,4,73
8046,38,Horror,72,1,71
8047,59,Romance,33,1,62
8048,60,Action,51,5,48
8049,37,Drama,103,5,67
8050,40,Horror,109,7,80
8051,37,Action,33,1,50
8052,36,Comedy,7,4,61
8053,21,Kids,89,3,62
8054,27,Drama,33,5,55
8055,51,Documentary,64,2,56
8056,33,Drama,24,5,77
8057,52,Sci-Fi,75,5,81
8058,38,Documentary,25,2,52
8059,56,Horror,117,4,67
8060,51,Romance,44,5,40
8061,37,Drama,29,7,62
8062,39,Kids,113,1,77
8063,48,Kids,64,6,61
8064,27,Comedy,61,3,71
8065,39,Sci-Fi,37,7,57
8066,23,Romance,12,3,90
8067,35,Sci-Fi,95,5,45
8068,48,Romance,51,5,64
8069,48,Romance,81,4,49
8070,23,Sci-Fi,59,6,93
8071,35,Drama,111,3,69
8072,49,Sci-Fi,113,6,87
8073,33,Documentary,30,2,94
8074,50,Documentary,42,7,88
8075,30,Drama,16,3,53
8076,23,Romance,21,3,93
8077,40,Sci-Fi,82,6,97
8078,22,Kids,10,2,87
8079,40,Sci-Fi,53,2,93
8080,30,Romance,116,5,77
8081,50,Kids,72,3,100
8082,60,Documentary,83,4,55
8083,31,Documentary,100,5,42
8084,45,Action,106,3,47
8085,19,Sci-Fi,118,2,93
8086,23,Kids,55,7,55
8087,45,Documentary,63,2,62
8088,46,Sci-Fi,53,3,54
8089,55,Horror,80,7,46
8090,59,Horror,13,2,96
8091,42,Kids,92,5,74
8092,57,Horror,43,3,63
8093,29,Horror,90,5,53
8094,45,Horror,79,6,83
8095,25,Comedy,104,4,87
8096,39,Comedy,92,7,71
8097,39,Kids,28,4,71
8098,20,Sci-Fi,5,2,79
8099,24,Documentary,39,4,92
8100,60,Documentary,77,7,58
8101,27,Drama,36,3,80
8102,53,Comedy,18,2,62
8103,43,Drama,63,7,80
8104,41,Documentary,23,6,76
8105,41,Horror,78,4,82
8106,50,Documentary,35,2,80
8107,59,Romance,67,3,81
8108,28,Kids,80,1,98
8109,32,Romance,83,4,46
8110,57,Sci-Fi,61,3,88
8111,50,Romance,104,5,80
8112,53,Documentary,16,1,92
8113,29,Romance,13,3,71
8114,20,Kids,48,1,62
8115,41,Sci-Fi,60,6,86
8116,57,Kids,7,5,82
8117,38,Action,120,5,53
8118,41,Romance,51,5,53
8119,45,Drama,7,3,55
8120,56,Horror,110,2,80
8121,54,Comedy,34,2,90
8122,24,Horror,94,2,76
8123,40,Action,105,4,72
8124,39,Horror,78,3,83
8125,53,Documentary,73,1,88
8126,47,Drama,34,4,68
8127,30,Documentary,79,7,84
8128,29,Action,59,2,46
8129,20,Horror,112,2,48
8130,55,Documentary,106,1,95
8131,34,Romance,61,2,65
8132,48,Comedy,52,6,71
8133,31,Documentary,119,1,59
8134,22,Sci-Fi,23,4,85
8135,57,Kids,106,5,50
8136,35,Horror,19,3,82
8137,18,Horror,85,2,72
8138,51,Comedy,35,6,47
8139,59,Documentary,5,4,92
8140,45,Action,57,4,83
8141,54,Horror,101,2,65
8142,25,Drama,40,5,82
8143,43,Documentary,66,6,79
8144,37,Action,31,1,76
8145,32,Comedy,57,5,40
8146,19,Romance,44,6,47
8147,52,Sci-Fi,5,1,96
8148,44,Horror,92,4,92
8149,33,Comedy,7,7,75
8150,40,Sci-Fi,93,4,67
8151,34,Kids,108,2,93
8152,25,Documentary,69,7,99
8153,53,Sci-Fi,108,3,42
8154,58,Sci-Fi,117,1,55
8155,55,Comedy,55,3,77
8156,39,Horror,96,4,79
8157,33,Sci-Fi,18,3,56
8158,42,Drama,78,4,67
8159,41,Drama,35,7,66
8160,32,Documentary,102,6,72
8161,58,Drama,18,3,77
8162,18,Sci-Fi,103,3,81
8163,41,Documentary,86,5,70
8164,59,Documentary,92,6,96
8165,38,Documentary,89,3,75
8166,56,Sci-Fi,66,2,64
8167,52,Sci-Fi,83,2,46
8168,58,Documentary,89,6,94
8169,44,Drama,20,4,68
8170,26,Comedy,23,1,54
8171,25,Kids,30,4,81
8172,55,Sci-Fi,39,3,93
8173,52,Sci-Fi,13,3,92
8174,41,Action,25,7,85
8175,52,Romance,31,5,58
8176,38,Documentary,52,3,100
8177,43,Romance,21,2,54
8178,35,Action,36,6,67
8179,26,Horror,111,5,42
8180,56,Comedy,65,4,41
8181,58,Action,60,2,40
8182,29,Horror,12,6,88
8183,59,Action,67,1,77
8184,27,Horror,108,1,61
8185,19,Romance,38,7,75
8186,54,Kids,63,6,81
8187,54,Comedy,91,4,56
8188,44,Sci-Fi,36,6,40
8189,31,Comedy,89,6,68
8190,34,Drama,81,1,70
8191,25,Romance,66,5,92
8192,56,Documentary,81,4,44
8193,48,Kids,88,4,90
8194,20,Sci-Fi,82,1,82
8195,33,Drama,6,6,53
8196,31,Comedy,53,5,66
8197,19,Comedy,32,3,65
8198,24,Horror,53,4,89
8199,53,Action,38,7,59
8200,37,Drama,51,5,86
8201,51,Horror,115,5,64
8202,48,Romance,84,1,92
8203,50,Action,64,4,95
8204,29,Romance,67,6,55
8205,40,Comedy,17,1,72
8206,58,Kids,78,1,65
8207,41,Documentary,22,2,73
8208,53,Documentary,40,5,66
8209,39,Sci-Fi,92,2,64
8210,42,Drama,80,7,53
8211,22,Drama,46,6,44
8212,34,Documentary,84,5,45
8213,44,Drama,120,2,55
8214,29,Sci-Fi,11,7,63
8215,30,Sci-Fi,80,5,70
8216,18,Comedy,83,7,64
8217,50,Horror,56,3,90
8218,40,Comedy,107,6,86
8219,60,Horror,61,2,90
8220,56,Drama,19,6,98
8221,45,Documentary,72,7,73
8222,25,Kids,82,2,85
8223,31,Kids,80,3,74
8224,45,Sci-Fi,107,7,58
8225,46,Drama,120,3,78
8226,46,Documentary,40,4,81
8227,55,Kids,40,5,57
8228,31,Romance,17,4,64
8229,43,Sci-Fi,96,1,63
8230,43,Sci-Fi,74,7,51
8231,22,Horror,12,6,71
8232,18,Horror,21,1,44
8233,52,Documentary,67,1,73
8234,30,Action,87,7,42
8235,55,Romance,64,2,94
8236,29,Comedy,25,5,74
8237,57,Drama,107,5,80
8238,32,Drama,119,5,99
8239,22,Documentary,50,6,63
8240,28,Comedy,32,2,83
8241,56,Horror,55,1,66
8242,48,Action,15,2,58
8243,47,Horror,86,5,49
8244,27,Comedy,117,6,58
8245,49,Horror,101,3,53
8246,27,Action,78,7,43
8247,47,Comedy,24,2,51
8248,45,Romance,42,4,44
8249,32,Documentary,43,1,83
8250,47,Horror,61,3,42
8251,52,Romance,54,4,90
8252,28,Romance,26,3,96
8253,58,Sci-Fi,78,2,48
8254,26,Drama,28,4,92
8255,45,Sci-Fi,39,1,52
8256,24,Documentary,5,1,84
8257,56,Documentary,41,1,72
8258,33,Comedy,67,7,61
8259,56,Comedy,62,5,94
8260,38,Horror,30,6,54
8261,35,Romance,28,4,84
8262,27,Sci-Fi,96,7,46
8263,54,Action,40,5,68
8264,27,Comedy,41,7,98
8265,57,Kids,66,3,100
8266,26,Kids,51,3,67
8267,54,Action,71,7,96
8268,58,Sci-Fi,19,6,60
8269,28,Romance,17,1,64
8270,42,Comedy,45,5,56
8271,39,Drama,52,1,58
8272,25,Documentary,24,6,71
8273,48,Documentary,47,1,47
8274,53,Comedy,20,2,61
8275,51,Documentary,27,5,51
8276,31,Drama,97,3,97
8277,27,Sci-Fi,64,1,66
8278,60,Documentary,96,6,97
8279,34,Kids,10,2,55
8280,26,Horror,11,5,87
8281,39,Drama,39,6,88
8282,40,Horror,26,6,63
8283,35,Action,87,5,49
8284,21,Horror,80,5,88
8285,55,Romance,84,7,43
8286,38,Horror,75,3,71
8287,29,Documentary,33,6,50
8288,34,Comedy,57,7,97
8289,39,Action,47,5,67
8290,24,Documentary,12,6,82
8291,39,Action,102,4,100
8292,36,Romance,74,4,59
8293,32,Action,5,5,71
8294,56,Comedy,67,2,77
8295,28,Action,71,5,85
8296,45,Action,25,1,94
8297,31,Drama,6,2,46
8298,59,Comedy,99,3,100
8299,31,Documentary,102,4,52
8300,21,Drama,96,5,54
8301,60,Romance,67,7,41
8302,41,Kids,104,6,100
8303,36,Kids,59,1,55
8304,43,Action,96,6,59
8305,52,Documentary,68,2,70
8306,55,Action,40,5,83
8307,26,Horror,17,1,85
8308,33,Drama,38,3,68
8309,42,Comedy,83,2,91
8310,25,Drama,79,1,93
8311,38,Horror,18,1,89
8312,26,Romance,42,1,99
8313,44,Romance,40,4,48
8314,32,Documentary,84,1,58
8315,20,Romance,39,6,60
8316,55,Action,81,2,45
8317,44,Horror,16,4,88
8318,58,Horror,37,5,67
8319,30,Comedy,73,6,72
8320,35,Comedy,54,2,65
8321,36,Comedy,29,5,96
8322,42,Romance,33,3,40
8323,57,Documentary,95,4,88
8324,41,Documentary,84,3,92
8325,25,Horror,23,6,93
8326,22,Sci-Fi,116,7,99
8327,32,Action,38,5,45
8328,50,Documentary,53,3,50
8329,28,Sci-Fi,58,5,58
8330,18,Drama,73,6,95
8331,20,Drama,5,4,67
8332,36,Sci-Fi,36,7,55
8333,41,Action,116,7,74
8334,22,Drama,37,5,43
8335,30,Comedy,44,2,94
8336,54,Romance,86,2,54
8337,33,Horror,105,6,60
8338,23,Documentary,61,3,64
8339,38,Romance,66,5,81
8340,22,Kids,48,6,52
8341,40,Kids,116,1,41
8342,29,Horror,54,1,61
8343,59,Comedy,119,3,69
8344,27,Action,56,4,51
8345,21,Drama,11,1,79
8346,43,Kids,33,6,64
8347,49,Kids,48,4,52
8348,52,Horror,10,3,99
8349,47,Kids,43,6,44
8350,48,Romance,27,4,47
8351,27,Sci-Fi,118,7,89
8352,31,Action,88,4,95
8353,48,Horror,41,2,61
8354,42,Comedy,24,2,45
8355,47,Documentary,69,6,66
8356,57,Action,90,2,67
8357,47,Horror,82,6,45
8358,24,Documentary,27,6,92
8359,34,Action,38,3,97
8360,24,Horror,52,3,49
8361,59,Romance,28,5,81
8362,49,Kids,15,6,96
8363,23,Comedy,91,3,69
8364,26,Romance,45,3,48
8365,33,Kids,107,3,65
8366,29,Kids,31,1,54
8367,44,Horror,6,3,98
8368,43,Romance,59,6,93
8369,31,Action,50,4,86
8370,53,Kids,101,3,77
8371,29,Comedy,84,5,72
8372,31,Documentary,7,5,69
8373,58,Kids,70,7,69
8374,46,Romance,43,5,62
8375,27,Drama,48,6,59
8376,31,Horror,70,3,80
8377,22,Action,57,3,50
8378,58,Sci-Fi,23,1,44
8379,60,Sci-Fi,18,5,61
8380,40,Documentary,103,4,55
8381,24,Documentary,61,2,90
8382,35,Kids,40,5,51
8383,27,Drama,66,7,47
8384,18,Horror,30,2,99
8385,42,Action,32,7,71
8386,59,Romance,115,3,46
8387,53,Action,77,5,55
8388,37,Kids,81,2,44
8389,40,Sci-Fi,77,4,84
8390,34,Drama,107,6,85
8391,33,Documentary,25,6,56
8392,54,Documentary,94,4,54
8393,22,Documentary,115,4,58
8394,22,Documentary,106,6,62
8395,58,Drama,102,7,95
8396,24,Action,36,7,64
8397,29,Documentary,71,4,65
8398,39,Sci-Fi,109,4,84
8399,51,Documentary,44,3,85
8400,49,Kids,96,1,92
8401,59,Documentary,83,4,82
8402,21,Kids,6,6,99
8403,33,Kids,50,4,80
8404,42,Sci-Fi,5,4,65
8405,48,Kids,104,6,58
8406,30,Comedy,94,5,91
8407,34,Romance,27,6,52
8408,52,Kids,26,2,81
8409,23,Horror,89,6,44
8410,24,Romance,32,7,100
8411,31,Romance,43,5,81
8412,51,Documentary,93,5,85
8413,29,Action,106,7,91
8414,41,Sci-Fi,85,3,47
8415,24,Sci-Fi,66,3,40
8416,58,Kids,49,2,50
8417,49,Kids,117,2,73
8418,51,Comedy,26,1,71
8419,50,Documentary,13,6,82
8420,56,Comedy,98,7,99
8421,55,Documentary,72,4,98
8422,56,Comedy,50,1,81
8423,28,Action,9,6,68
8424,38,Romance,110,2,60
8425,50,Drama,50,7,94
8426,31,Documentary,87,2,68
8427,19,Documentary,60,3,52
8428,32,Action,82,2,79
8429,21,Action,90,1,100
8430,46,Romance,98,7,74
8431,26,Drama,39,2,74
8432,25,Kids,86,1,53
8433,18,Documentary,25,3,93
8434,24,Horror,34,3,43
8435,51,Sci-Fi,64,3,62
8436,35,Comedy,61,6,42
8437,40,Romance,22,6,74
8438,33,Comedy,45,2,77
8439,32,Comedy,89,3,67
8440,51,Action,95,2,95
8441,18,Sci-Fi,57,2,41
8442,55,Kids,64,7,80
8443,38,Romance,90,4,80
8444,21,Action,120,3,43
8445,45,Romance,56,2,66
8446,25,Romance,53,4,58
8447,29,Documentary,10,1,78
8448,40,Action,99,6,55
8449,34,Comedy,18,7,47
8450,31,Sci-Fi,7,4,43
8451,26,Kids,12,7,86
8452,57,Sci-Fi,12,1,82
8453,33,Action,92,4,62
8454,55,Comedy,83,7,67
8455,31,Kids,75,2,57
8456,32,Sci-Fi,30,6,92
8457,22,Action,13,5,87
8458,52,Horror,9,3,98
8459,38,Horror,73,7,51
8460,43,Romance,73,2,68
8461,46,Comedy,89,7,61
8462,35,Horror,114,3,46
8463,49,Horror,42,7,70
8464,45,Action,117,3,67
8465,48,Documentary,30,6,68
8466,37,Horror,62,6,89
8467,36,Sci-Fi,36,3,94
8468,50,Action,58,5,40
8469,32,Drama,78,5,46
8470,29,Documentary,15,5,87
8471,42,Romance,52,2,70
8472,30,Horror,93,7,92
8473,41,Romance,78,1,56
8474,60,Drama,115,5,95
8475,47,Kids,99,2,93
8476,42,Horror,78,7,72
8477,23,Comedy,23,2,88
8478,22,Sci-Fi,72,4,40
8479,52,Kids,27,5,53
8480,43,Action,22,7,69
8481,20,Comedy,76,4,47
8482,40,Comedy,16,6,72
8483,56,Comedy,108,1,85
8484,34,Romance,84,3,76
8485,28,Kids,47,2,88
8486,43,Action,70,2,88
8487,29,Comedy,25,1,71
8488,22,Kids,48,5,40
8489,58,Action,78,3,43
8490,21,Documentary,64,5,71
8491,57,Sci-Fi,115,7,40
8492,53,Horror,46,1,69
8493,31,Sci-Fi,17,1,49
8494,44,Horror,51,7,82
8495,28,Kids,109,7,72
8496,46,Documentary,55,4,56
8497,56,Comedy,25,6,42
8498,20,Kids,16,4,44
8499,46,Romance,68,4,85
8500,57,Sci-Fi,41,5,99
8501,58,Action,99,7,67
8502,58,Sci-Fi,44,1,97
8503,37,Drama,92,6,52
8504,49,Kids,108,3,57
8505,52,Romance,88,7,45
8506,43,Horror,10,2,40
8507,50,Documentary,103,5,56
8508,22,Documentary,80,7,89
8509,19,Drama,46,3,72
8510,43,Romance,101,1,74
8511,29,Documentary,47,3,75
8512,40,Action,36,6,60
8513,23,Sci-Fi,67,5,77
8514,34,Documentary,40,4,42
8515,34,Comedy,84,5,79
8516,56,Drama,18,4,87
8517,52,Documentary,116,3,97
8518,18,Comedy,25,7,40
8519,32,Kids,65,2,92
8520,29,Action,100,7,73
8521,29,Horror,113,6,81
8522,30,Action,20,5,79
8523,54,Kids,39,1,59
8524,40,Drama,9,6,86
8525,46,Horror,11,2,56
8526,51,Kids,83,4,40
8527,55,Drama,55,7,76
8528,55,Comedy,101,6,83
8529,23,Romance,42,4,58
8530,50,Horror,74,1,74
8531,33,Action,94,1,53
8532,46,Horror,16,7,43
8533,57,Sci-Fi,16,7,69
8534,45,Action,88,6,63
8535,20,Sci-Fi,92,4,76
8536,47,Kids,95,2,96
8537,19,Documentary,99,7,51
8538,39,Drama,77,4,88
8539,21,Documentary,84,3,98
8540,42,Comedy,114,3,46
8541,19,Kids,6,1,67
8542,50,Comedy,96,5,49
8543,42,Romance,39,7,51
8544,22,Action,90,2,79
8545,50,Kids,61,6,57
8546,22,Comedy,47,2,40
8547,30,Sci-Fi,77,1,88
8548,53,Romance,19,5,96
8549,18,Kids,38,1,63
8550,37,Sci-Fi,118,4,69
8551,18,Documentary,42,6,79
8552,59,Comedy,43,1,80
8553,49,Documentary,10,3,53
8554,53,Comedy,44,2,71
8555,49,Horror,62,2,97
8556,42,Sci-Fi,47,3,71
8557,47,Drama,15,4,52
8558,43,Romance,18,4,94
8559,33,Horror,119,6,81
8560,48,Kids,42,5,80
8561,47,Horror,70,3,70
8562,50,Documentary,82,5,75
8563,48,Horror,22,7,87
8564,24,Documentary,53,2,67
8565,32,Horror,25,2,56
8566,35,Sci-Fi,95,2,96
8567,27,Horror,99,4,54
8568,33,Action,53,3,68
8569,57,Documentary,42,1,59
8570,33,Horror,7,4,81
8571,24,Romance,63,7,72
8572,46,Drama,49,6,65
8573,45,Kids,65,2,76
8574,31,Romance,59,2,49
8575,29,Drama,46,2,74
8576,53,Comedy,113,3,95
8577,27,Documentary,58,1,73
8578,29,Sci-Fi,68,3,92
8579,58,Documentary,39,1,60
8580,43,Documentary,70,1,89
8581,55,Action,69,3,59
8582,31,Documentary,113,3,100
8583,53,Romance,12,1,61
8584,29,Comedy,104,3,45
8585,60,Kids,14,2,67
8586,37,Sci-Fi,86,1,61
8587,45,Romance,24,3,75
8588,30,Documentary,25,6,48
8589,26,Kids,107,6,53
8590,40,Sci-Fi,102,4,58
8591,60,Romance,117,5,43
8592,39,Kids,81,7,41
8593,27,Romance,88,5,45
8594,23,Comedy,37,3,80
8595,37,Romance,44,4,48
8596,32,Horror,27,3,63
8597,25,Drama,45,5,81
8598,52,Action,109,3,93
8599,60,Kids,81,2,64
8600,25,Documentary,110,6,63
8601,58,Documentary,46,7,70
8602,25,Sci-Fi,58,1,98
8603,47,Documentary,79,3,61
8604,31,Kids,97,3,40
8605,31,Drama,72,1,56
8606,49,Horror,88,5,57
8607,57,Comedy,116,4,61
8608,49,Romance,62,1,49
8609,40,Sci-Fi,93,7,79
8610,24,Kids,105,5,68
8611,59,Action,116,4,68
8612,36,Documentary,85,1,98
8613,47,Drama,43,1,96
8614,22,Documentary,43,3,68
8615,31,Comedy,107,2,78
8616,48,Kids,110,5,100
8617,48,Documentary,19,7,74
8618,50,Kids,101,3,75
8619,21,Action,37,1,100
8620,20,Kids,89,6,54
8621,21,Drama,27,1,53
8622,24,Documentary,100,3,44
8623,40,Drama,40,5,85
8624,27,Drama,108,7,79
8625,23,Drama,98,7,42
8626,24,Drama,12,6,47
8627,33,Horror,104,6,80
8628,41,Romance,86,1,49
8629,52,Action,102,3,64
8630,47,Horror,76,6,77
8631,35,Sci-Fi,42,2,74
8632,58,Horror,9,3,80
8633,46,Drama,73,1,44
8634,50,Sci-Fi,56,4,83
8635,34,Romance,50,4,48
8636,48,Comedy,104,2,42
8637,52,Action,37,4,45
8638,28,Romance,100,6,89
8639,21,Documentary,111,7,45
8640,52,Kids,99,3,41
8641,50,Sci-Fi,8,7,51
8642,57,Horror,85,3,84
8643,46,Action,15,6,71
8644,59,Kids,72,4,43
8645,40,Comedy,55,6,94
8646,31,Action,13,7,51
8647,48,Action,106,5,80
8648,39,Sci-Fi,29,7,83
8649,51,Drama,70,4,68
8650,45,Romance,24,7,53
8651,54,Romance,110,2,70
8652,35,Documentary,42,5,85
8653,45,Action,84,7,50
8654,38,Documentary,49,1,83
8655,20,Horror,94,1,100
8656,37,Romance,13,1,75
8657,52,Documentary,50,1,75
8658,26,Kids,96,5,54
8659,32,Kids,51,6,79
8660,48,Action,105,7,72
8661,19,Documentary,114,6,66
8662,47,Horror,115,5,62
8663,47,Action,112,2,95
8664,56,Romance,55,4,87
8665,34,Comedy,43,4,40
8666,53,Sci-Fi,67,1,55
8667,33,Sci-Fi,12,1,73
8668,58,Kids,65,3,90
8669,23,Comedy,82,5,43
8670,60,Romance,33,7,59
8671,31,Romance,6,7,45
8672,46,Sci-Fi,48,3,90
8673,52,Horror,98,2,78
8674,33,Action,18,2,84
8675,46,Sci-Fi,83,2,72
8676,23,Drama,9,2,87
8677,27,Horror,67,4,86
8678,46,Kids,26,6,84
8679,18,Horror,107,3,74
8680,49,Romance,25,3,43
8681,41,Comedy,116,1,52
8682,27,Comedy,59,1,62
8683,33,Documentary,109,6,93
8684,51,Sci-Fi,96,6,91
8685,18,Kids,110,3,42
8686,46,Horror,87,2,57
8687,58,Romance,39,1,87
8688,48,Action,45,6,53
8689,39,Horror,32,7,99
8690,43,Sci-Fi,37,6,40
8691,53,Comedy,86,1,84
8692,48,Kids,119,3,45
8693,57,Documentary,37,3,100
8694,24,Drama,5,6,55
8695,20,Action,13,6,48
8696,43,Kids,11,5,47
8697,27,Drama,100,7,84
8698,23,Drama,67,4,60
8699,37,Drama,114,5,77
8700,24,Sci-Fi,82,1,96
8701,34,Comedy,41,6,81
8702,21,Documentary,105,6,67
8703,39,Action,70,7,96
8704,32,Romance,119,3,98
8705,41,Sci-Fi,56,1,70
8706,28,Drama,25,6,94
8707,31,Horror,62,7,46
8708,60,Sci-Fi,92,5,82
8709,53,Comedy,71,6,70
8710,59,Kids,20,3,70
8711,46,Comedy,63,5,76
8712,48,Sci-Fi,107,2,99
8713,38,Action,21,1,76
8714,33,Drama,53,3,97
8715,38,Horror,47,2,48
8716,31,Sci-Fi,49,7,46
8717,57,Kids,16,4,58
8718,28,Comedy,80,2,79
8719,44,Romance,12,6,41
8720,45,Horror,80,3,69
8721,40,Kids,100,7,75
8722,24,Romance,37,1,79
8723,49,Comedy,76,2,64
8724,23,Romance,22,5,80
8725,44,Kids,8,6,45
8726,50,Documentary,87,3,99
8727,22,Kids,11,6,53
8728,51,Horror,89,5,70
8729,42,Horror,49,1,57
8730,45,Sci-Fi,71,5,64
8731,54,Drama,88,6,98
8732,41,Kids,20,4,82
8733,18,Sci-Fi,111,4,67
8734,43,Romance,100,5,49
8735,18,Documentary,43,3,100
8736,26,Sci-Fi,80,3,57
8737,33,Comedy,111,3,83
8738,19,Action,99,1,40
8739,23,Drama,92,5,85
8740,19,Documentary,22,2,59
8741,44,Comedy,61,4,72
8742,53,Horror,69,4,71
8743,55,Sci-Fi,100,6,66
8744,37,Drama,95,4,94
8745,43,Sci-Fi,93,6,89
8746,45,Kids,31,7,96
8747,52,Documentary,83,2,41
8748,43,Horror,82,4,76
8749,52,Comedy,87,2,57
8750,33,Horror,120,5,76
8751,59,Comedy,106,5,51
8752,33,Documentary,39,7,96
8753,52,Documentary,85,5,51
8754,19,Documentary,57,7,91
8755,21,Comedy,70,6,88
8756,31,Sci-Fi,99,2,52
8757,34,Action,65,6,74
8758,36,Comedy,55,1,82
8759,54,Horror,119,7,79
8760,51,Romance,116,5,53
8761,55,Documentary,25,1,52
8762,37,Comedy,46,7,46
8763,56,Documentary,33,6,87
8764,29,Comedy,105,7,89
8765,24,Action,98,5,57
8766,30,Action,71,7,87
8767,26,Horror,51,2,100
8768,36,Kids,56,5,86
8769,49,Documentary,9,4,60
8770,45,Drama,50,6,90
8771,25,Drama,61,5,73
8772,52,Drama,85,6,42
8773,53,Kids,108,4,93
8774,48,Documentary,47,4,67
8775,25,Kids,117,2,89
8776,53,Action,55,1,48
8777,40,Romance,26,2,89
8778,55,Drama,53,6,90
8779,51,Drama,96,4,55
8780,53,Horror,10,7,91
8781,20,Kids,17,7,40
8782,53,Documentary,107,6,89
8783,52,Documentary,85,1,90
8784,34,Kids,71,2,73
8785,42,Romance,107,2,98
8786,31,Kids,109,5,54
8787,53,Action,84,6,83
8788,34,Romance,94,7,86
8789,41,Action,63,3,52
8790,41,Romance,26,2,50
8791,34,Drama,55,5,99
8792,38,Kids,58,3,79
8793,22,Comedy,109,4,59
8794,54,Sci-Fi,19,2,78
8795,52,Drama,106,2,67
8796,20,Documentary,75,5,51
8797,43,Romance,115,5,50
8798,20,Documentary,12,3,70
8799,18,Kids,13,1,91
8800,29,Drama,96,2,89
8801,19,Horror,63,2,68
8802,26,Horror,48,6,73
8803,25,Kids,22,6,83
8804,30,Documentary,36,6,58
8805,32,Horror,86,7,96
8806,39,Action,17,5,75
8807,30,Romance,110,5,59
8808,21,Horror,102,1,61
8809,19,Action,33,3,69
8810,20,Horror,111,4,99
8811,59,Sci-Fi,71,1,50
8812,44,Sci-Fi,43,2,96
8813,29,Action,90,6,92
8814,39,Documentary,10,3,78
8815,54,Action,117,3,87
8816,46,Drama,78,6,80
8817,28,Sci-Fi,78,6,73
8818,33,Documentary,116,3,55
8819,56,Action,70,5,49
8820,41,Comedy,75,3,57
8821,22,Comedy,114,2,82
8822,22,Kids,53,4,93
8823,54,Kids,118,7,89
8824,55,Drama,84,4,55
8825,23,Action,94,1,40
8826,50,Sci-Fi,64,7,74
8827,55,Action,60,6,71
8828,28,Drama,101,2,96
8829,48,Sci-Fi,26,6,79
8830,41,Documentary,26,1,72
8831,28,Kids,109,1,99
8832,55,Sci-Fi,12,4,80
8833,23,Documentary,49,3,60
8834,51,Comedy,83,3,58
8835,51,Horror,27,7,69
8836,59,Comedy,93,2,56
8837,59,Romance,60,1,41
8838,18,Romance,25,6,68
8839,31,Documentary,76,7,87
8840,31,Drama,46,1,49
8841,45,Horror,42,7,56
8842,32,Sci-Fi,52,2,77
8843,39,Kids,5,6,99
8844,45,Drama,62,4,67
8845,56,Horror,82,3,60
8846,46,Horror,26,5,76
8847,18,Romance,86,6,62
8848,39,Kids,81,3,80
8849,34,Kids,39,3,60
8850,47,Drama,75,1,95
8851,32,Horror,64,7,49
8852,36,Comedy,114,6,100
8853,34,Drama,13,4,53
8854,28,Horror,69,7,42
8855,53,Documentary,16,4,48
8856,39,Action,100,1,46
8857,36,Action,21,3,91
8858,55,Kids,10,7,95
8859,37,Documentary,34,4,80
8860,21,Comedy,16,2,54
8861,59,Kids,56,1,41
8862,20,Horror,24,2,48
8863,30,Kids,119,4,48
8864,47,Documentary,114,4,50
8865,26,Drama,72,4,50
8866,52,Action,11,4,73
8867,48,Kids,101,3,73
8868,40,Drama,56,2,47
8869,36,Sci-Fi,67,1,86
8870,30,Drama,100,2,54
8871,36,Drama,81,5,62
8872,43,Kids,7,5,69
8873,39,Drama,68,2,68
8874,31,Action,33,7,68
8875,20,Romance,5,3,40
8876,49,Kids,20,1,94
8877,36,Sci-Fi,79,7,58
8878,58,Comedy,21,5,52
8879,56,Documentary,94,2,99
8880,27,Romance,27,1,46
8881,22,Drama,21,7,76
8882,56,Drama,15,6,79
8883,46,Documentary,102,1,99
8884,33,Sci-Fi,11,6,77
8885,37,Documentary,100,2,81
8886,55,Drama,48,3,86
8887,59,Romance,65,7,79
8888,35,Drama,16,6,52
8889,56,Kids,73,7,87
8890,57,Documentary,16,6,78
8891,18,Horror,5,1,69
8892,29,Romance,97,5,78
8893,42,Horror,119,7,67
8894,56,Action,48,2,49
8895,34,Documentary,82,3,48
8896,20,Sci-Fi,78,6,70
8897,21,Sci-Fi,31,6,79
8898,29,Comedy,103,2,100
8899,22,Romance,30,1,67
8900,32,Action,44,5,86
8901,44,Sci-Fi,110,4,87
8902,33,Horror,23,3,40
8903,26,Horror,64,7,81
8904,49,Sci-Fi,85,7,46
8905,47,Action,119,7,98
8906,19,Comedy,109,5,100
8907,18,Documentary,82,6,95
8908,18,Horror,43,1,42
8909,32,Kids,33,4,90
8910,33,Sci-Fi,28,7,92
8911,34,Kids,115,3,41
8912,21,Kids,27,2,51
8913,23,Action,49,6,92
8914,53,Kids,58,3,92
8915,60,Documentary,107,4,93
8916,46,Romance,68,6,63
8917,22,Kids,62,7,90
8918,23,Drama,86,6,73
8919,35,Action,48,4,47
8920,22,Action,118,5,42
8921,18,Action,65,5,86
8922,53,Comedy,105,6,93
8923,38,Action,9,6,45
8924,39,Drama,73,7,87
8925,57,Action,95,5,97
8926,34,Sci-Fi,52,1,82
8927,60,Comedy,73,2,48
8928,55,Romance,40,4,75
8929,43,Documentary,73,1,41
8930,58,Sci-Fi,24,5,42
8931,21,Action,111,2,95
8932,33,Romance,7,2,62
8933,60,Horror,16,2,55
8934,22,Action,50,5,99
8935,33,Romance,27,1,59
8936,48,Horror,55,5,77
8937,51,Documentary,61,6,79
8938,46,Comedy,74,1,89
8939,34,Romance,8,2,87
8940,56,Drama,96,6,94
8941,52,Comedy,5,4,43
8942,29,Drama,80,2,87
8943,50,Documentary,52,3,94
8944,29,Comedy,72,1,56
8945,47,Comedy,16,6,99
8946,38,Romance,117,7,67
8947,45,Sci-Fi,15,7,62
8948,29,Sci-Fi,61,1,41
8949,59,Sci-Fi,28,5,88
8950,23,Romance,73,6,86
8951,18,Action,12,4,76
8952,46,Horror,106,2,96
8953,46,Documentary,36,2,99
8954,35,Sci-Fi,49,7,43
8955,35,Romance,20,4,100
8956,43,Action,73,2,73
8957,53,Horror,19,6,82
8958,35,Kids,106,1,71
8959,53,Drama,54,1,54
8960,60,Drama,37,3,40
8961,44,Drama,63,6,65
8962,54,Drama,96,4,73
8963,53,Comedy,11,2,91
8964,21,Comedy,101,7,66
8965,54,Romance,101,3,57
8966,48,Kids,59,7,56
8967,54,Action,60,1,59
8968,40,Horror,102,2,80
8969,55,Drama,103,7,65
8970,56,Romance,41,4,57
8971,44,Action,33,4,94
8972,27,Romance,14,7,79
8973,36,Comedy,6,6,86
8974,46,Action,78,7,70
8975,33,Documentary,20,5,70
8976,24,Sci-Fi,47,3,46
8977,22,Drama,74,5,67
8978,43,Documentary,33,2,57
8979,35,Romance,38,3,91
8980,60,Action,100,5,53
8981,25,Action,78,4,88
8982,24,Drama,83,1,83
8983,51,Comedy,58,4,99
8984,20,Comedy,43,3,82
8985,42,Sci-Fi,18,3,91
8986,45,Drama,33,6,75
8987,27,Romance,90,2,92
8988,39,Horror,40,1,80
8989,19,Kids,50,1,93
8990,59,Documentary,54,7,40
8991,55,Action,42,1,40
8992,33,Sci-Fi,31,6,80
8993,59,Romance,42,2,98
8994,41,Kids,84,1,74
8995,24,Sci-Fi,95,2,59
8996,45,Kids,82,4,56
8997,45,Documentary,103,7,74
8998,57,Comedy,17,2,46
8999,26,Sci-Fi,72,7,83
9000,55,Drama,32,2,81
9001,29,Romance,88,6,53
9002,60,Comedy,78,3,92
9003,51,Comedy,50,4,86
9004,44,Romance,29,6,52
9005,52,Drama,30,4,46
9006,52,Comedy,23,4,41
9007,27,Documentary,12,2,100
9008,48,Action,57,7,51
9009,21,Comedy,94,2,82
9010,34,Romance,78,1,96
9011,35,Documentary,83,3,66
9012,19,Sci-Fi,16,5,80
9013,25,Romance,51,3,77
9014,41,Kids,72,3,87
9015,32,Documentary,68,5,95
9016,30,Comedy,87,4,100
9017,31,Horror,73,7,88
9018,52,Sci-Fi,7,5,72
9019,39,Horror,50,6,97
9020,44,Sci-Fi,99,4,59
9021,44,Sci-Fi,76,5,83
9022,57,Documentary,91,6,68
9023,22,Documentary,19,3,59
9024,49,Sci-Fi,56,4,83
9025,54,Action,49,6,86
9026,25,Action,51,1,90
9027,38,Comedy,67,7,47
9028,47,Sci-Fi,96,4,76
9029,44,Action,16,5,49
9030,51,Drama,120,3,84
9031,33,Comedy,14,2,49
9032,24,Action,14,1,85
9033,33,Romance,81,6,92
9034,23,Romance,101,6,81
9035,51,Horror,54,4,100
9036,36,Action,20,6,48
9037,53,Documentary,80,3,49
9038,23,Action,108,1,74
9039,49,Drama,32,4,92
9040,50,Comedy,43,4,79
9041,33,Drama,91,2,68
9042,59,Romance,91,5,65
9043,31,Comedy,19,2,45
9044,43,Horror,57,6,85
9045,22,Kids,83,7,45
9046,20,Comedy,111,2,97
9047,54,Action,118,7,91
9048,45,Horror,118,5,90
9049,53,Sci-Fi,54,6,74
9050,33,Comedy,50,7,53
9051,56,Romance,109,4,100
9052,53,Horror,56,1,41
9053,40,Sci-Fi,48,7,94
9054,47,Comedy,10,6,72
9055,48,Kids,81,2,47
9056,58,Documentary,9,6,74
9057,30,Sci-Fi,91,5,54
9058,50,Kids,78,7,85
9059,32,Romance,24,2,48
9060,39,Action,19,4,85
9061,50,Horror,61,7,46
9062,18,Action,25,3,96
9063,55,Sci-Fi,29,4,54
9064,49,Kids,77,4,89
9065,47,Kids,26,1,46
9066,52,Drama,37,5,42
9067,56,Sci-Fi,5,4,62
9068,56,Action,81,2,69
9069,32,Comedy,114,6,44
9070,55,Action,79,1,63
9071,28,Kids,77,7,56
9072,25,Sci-Fi,73,2,57
9073,43,Drama,60,5,51
9074,52,Comedy,49,3,59
9075,44,Kids,12,5,54
9076,33,Romance,14,4,60
9077,41,Documentary,119,1,70
9078,40,Action,43,5,85
9079,35,Comedy,109,6,50
9080,59,Romance,87,2,81
9081,23,Horror,48,2,57
9082,51,Kids,7,7,40
9083,23,Action,95,2,55
9084,55,Comedy,67,2,81
9085,31,Comedy,87,6,56
9086,59,Horror,120,5,50
9087,33,Kids,62,5,90
9088,54,Documentary,8,3,90
9089,20,Sci-Fi,119,6,66
9090,43,Kids,59,4,83
9091,55,Romance,88,1,89
9092,52,Horror,25,1,46
9093,39,Action,91,2,74
9094,60,Kids,108,7,87
9095,46,Action,102,4,50
9096,26,Comedy,28,1,48
9097,53,Comedy,105,3,97
9098,50,Documentary,114,1,65
9099,31,Documentary,82,5,76
9100,44,Kids,106,7,47
9101,27,Sci-Fi,9,2,94
9102,55,Comedy,80,2,82
9103,30,Horror,23,5,94
9104,25,Comedy,76,1,79
9105,20,Action,43,4,80
9106,21,Comedy,24,4,62
9107,60,Horror,30,1,92
9108,20,Kids,32,3,82
9109,49,Documentary,5,3,43
9110,44,Action,83,1,71
9111,22,Sci-Fi,74,6,87
9112,24,Sci-Fi,71,4,60
9113,57,Sci-Fi,53,4,40
9114,40,Drama,95,5,67
9115,40,Drama,20,5,90
9116,21,Action,92,3,79
9117,49,Drama,44,6,51
9118,54,Romance,104,4,70
9119,44,Action,10,5,67
9120,41,Documentary,117,4,63
9121,57,Kids,43,4,68
9122,51,Kids,5,3,74
9123,51,Sci-Fi,110,7,86
9124,44,Comedy,80,6,76
9125,58,Drama,43,7,54
9126,43,Kids,105,2,95
9127,56,Kids,13,5,91
9128,39,Drama,90,7,84
9129,29,Drama,42,6,55
9130,33,Kids,54,2,71
9131,37,Action,31,6,67
9132,38,Kids,83,2,78
9133,40,Drama,115,4,85
9134,24,Horror,80,1,83
9135,28,Comedy,44,5,70
9136,42,Documentary,24,6,86
9137,21,Horror,96,4,60
9138,18,Sci-Fi,112,2,82
9139,45,Sci-Fi,72,5,92
9140,23,Documentary,37,2,71
9141,23,Drama,106,2,43
9142,40,Comedy,72,4,88
9143,50,Sci-Fi,91,4,40
9144,44,Romance,11,3,53
9145,24,Comedy,75,4,53
9146,44,Romance,69,6,91
9147,22,Kids,90,7,92
9148,60,Romance,21,7,63
9149,60,Drama,79,6,85
9150,26,Horror,78,4,60
9151,56,Sci-Fi,28,6,77
9152,45,Romance,56,7,79
9153,32,Romance,15,2,83
9154,49,Horror,35,2,87
9155,38,Sci-Fi,17,3,49
9156,23,Kids,16,3,89
9157,58,Horror,55,6,57
9158,54,Romance,16,5,48
9159,24,Action,112,6,41
9160,33,Romance,117,6,47
9161,19,Documentary,113,7,68
9162,41,Romance,92,5,93
9163,34,Romance,63,6,60
9164,43,Sci-Fi,41,1,66
9165,58,Comedy,98,6,100
9166,53,Horror,29,4,71
9167,38,Sci-Fi,45,4,48
9168,24,Sci-Fi,73,1,53
9169,44,Action,35,1,69
9170,58,Horror,117,2,64
9171,38,Sci-Fi,107,4,85
9172,42,Comedy,31,5,45
9173,59,Sci-Fi,87,1,51
9174,38,Kids,14,3,43
9175,20,Comedy,41,5,68
9176,48,Action,27,3,65
9177,42,Kids,26,5,55
9178,59,Action,82,7,69
9179,57,Drama,6,6,42
9180,36,Sci-Fi,7,3,45
9181,27,Drama,75,2,40
9182,58,Kids,44,5,77
9183,26,Kids,109,3,99
9184,38,Comedy,76,7,75
9185,30,Romance,17,1,86
9186,36,Sci-Fi,93,2,48
9187,43,Kids,97,1,84
9188,26,Kids,68,5,100
9189,50,Action,20,3,85
9190,21,Romance,90,3,70
9191,49,Action,47,6,80
9192,28,Documentary,67,6,99
9193,35,Drama,120,4,91
9194,29,Comedy,25,2,94
9195,23,Comedy,114,1,82
9196,27,Action,37,3,91
9197,38,Horror,106,4,51
9198,44,Kids,106,5,45
9199,36,Kids,66,6,44
9200,28,Action,50,2,66
9201,32,Romance,73,7,93
9202,20,Documentary,81,5,54
9203,25,Romance,115,4,56
9204,51,Kids,37,2,75
9205,35,Drama,11,4,73
9206,47,Documentary,120,6,84
9207,24,Drama,57,7,42
9208,56,Documentary,93,4,44
9209,28,Comedy,75,1,71
9210,40,Romance,96,6,77
9211,36,Kids,88,5,87
9212,22,Horror,11,6,91
9213,50,Documentary,74,7,76
9214,29,Horror,106,7,95
9215,21,Horror,28,1,50
9216,60,Sci-Fi,43,6,60
9217,22,Sci-Fi,88,6,44
9218,25,Romance,54,2,77
9219,33,Horror,75,3,64
9220,33,Kids,41,1,45
9221,52,Sci-Fi,7,2,73
9222,59,Sci-Fi,58,5,70
9223,53,Documentary,40,1,93
9224,50,Kids,63,3,47
9225,54,Drama,41,4,51
9226,27,Action,120,6,59
9227,30,Romance,105,7,99
9228,47,Drama,45,1,40
9229,50,Action,67,5,94
9230,53,Drama,66,7,60
9231,36,Comedy,60,5,50
9232,20,Romance,22,1,44
9233,37,Comedy,114,3,49
9234,33,Horror,78,7,69
9235,47,Kids,54,1,80
9236,31,Sci-Fi,79,2,56
9237,55,Comedy,83,3,98
9238,18,Kids,74,7,48
9239,20,Documentary,5,5,87
9240,40,Sci-Fi,117,2,82
9241,19,Horror,46,3,91
9242,58,Action,64,3,48
9243,39,Documentary,103,2,44
9244,27,Documentary,89,3,51
9245,54,Horror,115,5,97
9246,38,Romance,83,1,66
9247,31,Horror,95,2,88
9248,28,Documentary,86,7,49
9249,42,Sci-Fi,78,4,58
9250,42,Sci-Fi,6,2,83
9251,27,Romance,34,6,41
9252,24,Kids,35,1,48
9253,41,Documentary,114,2,50
9254,43,Sci-Fi,109,3,90
9255,48,Comedy,74,5,99
9256,60,Action,31,6,54
9257,21,Comedy,69,2,46
9258,30,Comedy,37,7,75
9259,57,Kids,106,4,94
9260,49,Drama,116,7,58
9261,41,Romance,58,6,59
9262,22,Action,32,1,61
9263,20,Horror,81,4,58
9264,29,Romance,80,7,82
9265,32,Kids,26,7,84
9266,38,Documentary,30,5,86
9267,48,Action,12,3,68
9268,29,Documentary,105,2,92
9269,41,Kids,75,7,77
9270,40,Romance,41,5,75
9271,31,Romance,87,2,69
9272,54,Documentary,49,7,57
9273,59,Comedy,80,4,72
9274,48,Kids,30,4,98
9275,20,Action,78,7,59
9276,21,Comedy,104,7,77
9277,36,Comedy,119,6,97
9278,50,Horror,6,6,72
9279,23,Horror,108,4,97
9280,47,Drama,49,2,82
9281,22,Comedy,74,5,76
9282,18,Horror,87,1,48
9283,30,Action,108,2,41
9284,31,Action,10,2,40
9285,59,Horror,52,6,57
9286,55,Action,67,2,57
9287,51,Kids,15,7,54
9288,25,Comedy,84,6,44
9289,25,Kids,101,3,92
9290,25,Documentary,44,1,56
9291,38,Documentary,53,4,87
9292,40,Horror,60,5,45
9293,49,Romance,68,6,51
9294,34,Romance,15,1,63
9295,31,Kids,111,4,73
9296,31,Kids,83,6,74
9297,34,Drama,63,2,86
9298,30,Action,97,7,65
9299,28,Drama,80,3,82
9300,36,Sci-Fi,98,5,86
9301,44,Sci-Fi,46,7,94
9302,41,Action,62,1,78
9303,56,Horror,11,6,50
9304,32,Action,99,5,98
9305,29,Action,120,7,58
9306,44,Action,55,3,84
9307,36,Kids,104,4,90
9308,29,Drama,21,7,89
9309,22,Documentary,22,2,59
9310,43,Kids,111,1,62
9311,24,Kids,95,6,48
9312,23,Action,32,6,55
9313,55,Drama,88,5,77
9314,21,Horror,87,4,58
9315,24,Comedy,52,6,61
9316,39,Drama,64,5,94
9317,20,Action,94,4,65
9318,21,Action,111,6,51
9319,25,Romance,106,4,71
9320,28,Romance,62,5,86
9321,21,Kids,96,6,92
9322,46,Action,109,4,95
9323,38,Drama,49,1,60
9324,22,Horror,24,6,93
9325,26,Horror,105,3,93
9326,25,Drama,95,2,62
9327,26,Sci-Fi,91,3,94
9328,59,Romance,110,4,99
9329,32,Documentary,15,5,93
9330,36,Comedy,19,4,99
9331,19,Horror,19,1,100
9332,55,Comedy,54,1,92
9333,57,Comedy,55,2,51
9334,36,Horror,44,6,95
9335,36,Kids,7,4,55
9336,35,Action,39,5,99
9337,18,Action,35,4,78
9338,52,Horror,15,5,61
9339,55,Kids,39,7,52
9340,35,Horror,75,7,81
9341,25,Sci-Fi,88,4,60
9342,58,Romance,94,2,85
9343,23,Drama,76,1,59
9344,31,Kids,98,5,63
9345,18,Horror,119,6,75
9346,33,Sci-Fi,91,1,57
9347,19,Drama,57,4,99
9348,51,Documentary,35,3,86
9349,31,Documentary,89,5,45
9350,56,Romance,94,4,94
9351,57,Action,28,5,68
9352,30,Horror,99,5,100
9353,27,Horror,11,4,71
9354,49,Action,111,7,85
9355,57,Romance,14,6,63
9356,54,Kids,65,5,89
9357,26,Action,109,5,99
9358,42,Drama,22,5,46
9359,25,Action,20,7,72
9360,59,Comedy,58,3,45
9361,18,Kids,69,7,69
9362,50,Documentary,111,5,51
9363,33,Action,42,1,54
9364,19,Kids,85,1,100
9365,27,Drama,21,5,48
9366,50,Horror,84,3,86
9367,20,Sci-Fi,27,2,56
9368,47,Romance,56,4,53
9369,53,Horror,39,6,76
9370,51,Comedy,72,7,46
9371,60,Sci-Fi,66,2,95
9372,25,Documentary,105,6,60
9373,31,Drama,12,4,52
9374,48,Kids,27,4,100
9375,28,Romance,107,5,68
9376,54,Romance,70,6,65
9377,48,Kids,91,1,94
9378,35,Action,75,2,51
9379,36,Drama,97,2,65
9380,60,Romance,76,7,72
9381,26,Sci-Fi,87,2,46
9382,24,Romance,36,7,73
9383,50,Action,115,2,40
9384,27,Action,80,5,82
9385,56,Drama,5,5,72
9386,50,Comedy,53,7,56
9387,31,Horror,77,4,72
9388,27,Action,43,7,55
9389,43,Drama,78,3,43
9390,59,Action,59,2,73
9391,58,Kids,47,4,54
9392,39,Sci-Fi,111,6,50
9393,51,Horror,24,1,68
9394,21,Horror,68,2,77
9395,40,Documentary,32,1,91
9396,25,Comedy,43,5,79
9397,33,Action,59,3,67
9398,39,Comedy,83,3,84
9399,29,Romance,118,7,74
9400,48,Kids,114,6,83
9401,42,Drama,91,1,74
9402,29,Horror,69,1,87
9403,28,Documentary,97,5,61
9404,25,Comedy,114,3,91
9405,41,Romance,50,6,89
9406,27,Comedy,10,7,76
9407,49,Sci-Fi,104,1,87
9408,21,Kids,12,2,76
9409,59,Action,66,3,91
9410,36,Horror,15,5,69
9411,21,Drama,99,5,100
9412,41,Drama,100,2,50
9413,54,Kids,97,4,84
9414,44,Comedy,112,6,84
9415,23,Romance,76,2,44
9416,47,Action,51,6,54
9417,42,Drama,54,7,59
9418,36,Documentary,38,6,52
9419,29,Kids,14,2,69
9420,49,Comedy,74,1,72
9421,58,Romance,119,4,85
9422,51,Documentary,45,4,71
9423,27,Kids,46,5,100
9424,55,Action,72,4,68
9425,55,Drama,27,4,73
9426,52,Kids,48,6,62
9427,19,Kids,28,6,88
9428,32,Drama,54,3,84
9429,33,Comedy,69,4,53
9430,35,Kids,27,6,43
9431,54,Horror,83,7,55
9432,39,Kids,77,4,64
9433,42,Drama,22,7,91
9434,42,Drama,20,1,44
9435,27,Sci-Fi,102,4,71
9436,38,Sci-Fi,37,1,67
9437,24,Kids,37,1,76
9438,59,Romance,81,2,86
9439,55,Drama,21,2,94
9440,60,Horror,82,5,45
9441,21,Kids,85,7,49
9442,27,Horror,28,6,91
9443,49,Comedy,71,6,63
9444,42,Comedy,5,5,64
9445,41,Documentary,27,5,84
9446,34,Action,83,6,70
9447,40,Sci-Fi,6,1,75
9448,55,Comedy,39,3,75
9449,30,Kids,120,4,42
9450,32,Drama,55,3,84
9451,54,Sci-Fi,91,1,92
9452,44,Romance,110,2,86
9453,48,Action,68,4,64
9454,35,Documentary,12,4,57
9455,50,Romance,23,7,80
9456,29,Romance,63,2,89
9457,35,Romance,77,7,84
9458,50,Sci-Fi,104,2,85
9459,40,Kids,9,2,91
9460,40,Sci-Fi,26,3,78
9461,20,Romance,38,1,97
9462,50,Comedy,109,5,54
9463,58,Horror,69,6,91
9464,40,Sci-Fi,88,3,99
9465,44,Documentary,43,7,98
9466,58,Sci-Fi,25,5,79
9467,40,Action,116,7,82
9468,53,Documentary,120,1,94
9469,53,Drama,75,6,68
9470,31,Drama,104,2,81
9471,44,Sci-Fi,74,4,70
9472,58,Drama,13,1,74
9473,59,Sci-Fi,102,6,79
9474,46,Horror,21,1,49
9475,52,Comedy,20,7,76
9476,33,Comedy,25,6,75
9477,46,Action,49,4,69
9478,28,Drama,42,7,63
9479,27,Drama,8,1,72
9480,28,Kids,73,1,84
9481,49,Kids,72,5,94
9482,30,Kids,76,6,74
9483,29,Horror,28,7,100
9484,49,Horror,118,4,96
9485,48,Sci-Fi,98,2,64
9486,30,Drama,116,7,45
9487,49,Romance,13,6,87
9488,59,Horror,55,3,100
9489,50,Kids,83,1,80
9490,46,Sci-Fi,102,1,51
9491,39,Kids,37,2,98
9492,42,Documentary,65,1,55
9493,25,Horror,99,7,95
9494,56,Comedy,22,1,96
9495,49,Romance,10,2,65
9496,24,Action,40,2,69
9497,20,Horror,76,3,59
9498,21,Comedy,45,1,87
9499,18,Drama,78,4,71
9500,32,Documentary,26,4,48
9501,55,Comedy,100,7,65
9502,31,Action,112,6,78
9503,55,Horror,54,7,68
9504,53,Sci-Fi,49,2,71
9505,33,Comedy,10,4,84
9506,44,Romance,77,5,73
9507,20,Action,15,6,78
9508,18,Drama,90,7,87
9509,48,Comedy,28,2,87
9510,42,Documentary,80,3,51
9511,60,Sci-Fi,101,4,72
9512,28,Romance,96,7,47
9513,26,Action,53,4,58
9514,21,Documentary,42,1,68
9515,48,Documentary,57,1,84
9516,38,Action,96,4,82
9517,43,Drama,79,2,42
9518,23,Sci-Fi,30,5,58
9519,29,Horror,5,5,63
9520,34,Comedy,110,3,43
9521,19,Sci-Fi,88,7,84
9522,24,Drama,45,2,72
9523,44,Documentary,116,4,51
9524,48,Drama,44,2,47
9525,54,Documentary,28,3,66
9526,24,Drama,61,6,40
9527,60,Action,58,7,75
9528,53,Kids,14,6,54
9529,59,Comedy,39,3,81
9530,29,Comedy,78,1,72
9531,44,Romance,81,3,40
9532,19,Romance,68,4,89
9533,40,Documentary,109,2,82
9534,33,Romance,108,7,45
9535,54,Horror,14,4,52
9536,38,Comedy,68,4,95
9537,40,Horror,114,7,95
9538,35,Drama,44,1,77
9539,20,Documentary,113,7,73
9540,29,Action,68,2,44
9541,19,Horror,38,6,99
9542,41,Horror,119,7,69
9543,58,Action,52,6,60
9544,50,Comedy,111,6,98
9545,41,Sci-Fi,58,3,89
9546,59,Horror,64,6,77
9547,20,Drama,26,5,43
9548,23,Drama,13,1,67
9549,20,Kids,13,7,41
9550,54,Action,103,4,92
9551,35,Documentary,67,5,95
9552,34,Documentary,69,4,97
9553,44,Sci-Fi,94,3,94
9554,21,Romance,10,2,85
9555,34,Romance,17,6,84
9556,38,Sci-Fi,15,2,85
9557,39,Documentary,90,3,73
9558,24,Sci-Fi,8,7,73
9559,44,Drama,83,4,63
9560,38,Documentary,91,2,84
9561,44,Drama,77,6,74
9562,30,Documentary,47,4,48
9563,30,Sci-Fi,6,4,84
9564,43,Horror,17,4,58
9565,57,Action,6,2,71
9566,45,Action,96,3,93
9567,19,Documentary,103,6,41
9568,24,Action,21,6,84
9569,55,Romance,77,3,63
9570,43,Action,12,4,44
9571,53,Action,62,6,93
9572,35,Documentary,69,2,43
9573,48,Kids,19,1,90
9574,38,Drama,81,5,88
9575,42,Kids,34,5,64
9576,18,Sci-Fi,73,4,70
9577,54,Sci-Fi,31,7,58
9578,51,Action,101,2,41
9579,22,Romance,16,4,47
9580,35,Action,85,1,47
9581,27,Drama,82,5,70
9582,31,Comedy,64,4,49
9583,45,Drama,19,7,64
9584,18,Sci-Fi,93,1,81
9585,43,Documentary,102,1,70
9586,32,Comedy,91,7,68
9587,46,Sci-Fi,51,6,75
9588,46,Action,117,5,73
9589,23,Sci-Fi,115,7,42
9590,57,Horror,106,5,61
9591,41,Comedy,94,7,84
9592,21,Sci-Fi,14,1,60
9593,42,Comedy,107,6,90
9594,58,Documentary,72,3,100
9595,42,Sci-Fi,53,7,68
9596,58,Kids,64,4,50
9597,40,Horror,18,3,80
9598,28,Kids,21,1,86
9599,58,Drama,112,1,87
9600,58,Comedy,103,1,69
9601,36,Romance,46,7,41
9602,30,Drama,25,2,79
9603,48,Action,120,7,100
9604,51,Kids,8,1,100
9605,29,Action,94,1,67
9606,49,Action,36,3,91
9607,29,Kids,74,5,83
9608,34,Sci-Fi,18,4,83
9609,31,Comedy,7,2,89
9610,49,Documentary,36,7,64
9611,33,Sci-Fi,69,2,79
9612,44,Kids,77,4,74
9613,60,Drama,86,3,58
9614,41,Kids,64,1,78
9615,30,Sci-Fi,25,7,73
9616,57,Sci-Fi,34,1,74
9617,37,Romance,16,5,67
9618,32,Sci-Fi,88,4,77
9619,22,Romance,75,2,75
9620,40,Drama,54,5,95
9621,31,Romance,5,1,79
9622,57,Horror,72,5,64
9623,42,Kids,29,3,40
9624,35,Comedy,101,6,91
9625,24,Sci-Fi,68,3,72
9626,26,Sci-Fi,112,2,85
9627,19,Romance,102,2,63
9628,19,Romance,98,3,47
9629,20,Horror,7,7,72
9630,35,Romance,93,5,61
9631,38,Sci-Fi,118,6,74
9632,19,Romance,9,6,100
9633,52,Romance,81,7,87
9634,54,Comedy,71,4,89
9635,30,Documentary,19,4,62
9636,49,Comedy,114,5,62
9637,53,Romance,106,2,52
9638,54,Action,69,2,85
9639,37,Sci-Fi,80,4,76
9640,22,Romance,15,6,74
9641,41,Drama,100,7,61
9642,26,Action,76,7,42
9643,55,Kids,53,6,75
9644,50,Sci-Fi,17,1,86
9645,51,Drama,54,7,40
9646,56,Drama,10,1,82
9647,31,Kids,79,1,93
9648,35,Drama,120,7,61
9649,26,Comedy,85,7,70
9650,53,Drama,17,6,61
9651,21,Horror,119,2,79
9652,19,Documentary,31,3,88
9653,48,Sci-Fi,21,1,42
9654,37,Kids,86,7,75
9655,35,Romance,52,1,92
9656,26,Drama,10,6,51
9657,30,Horror,47,4,61
9658,44,Romance,84,5,42
9659,60,Comedy,19,6,52
9660,43,Action,48,4,68
9661,19,Romance,72,4,78
9662,29,Romance,31,3,65
9663,32,Horror,62,7,52
9664,24,Drama,20,2,80
9665,28,Horror,54,1,56
9666,32,Kids,115,7,91
9667,44,Horror,22,1,82
9668,45,Sci-Fi,80,6,75
9669,50,Horror,39,3,51
9670,53,Romance,84,5,90
9671,18,Romance,44,3,58
9672,29,Action,37,4,80
9673,34,Horror,72,7,60
9674,38,Drama,15,4,85
9675,20,Sci-Fi,99,3,67
9676,47,Documentary,117,6,43
9677,42,Documentary,72,3,88
9678,20,Romance,29,5,64
9679,55,Romance,70,2,99
9680,28,Kids,66,6,42
9681,47,Horror,78,5,52
9682,55,Romance,95,4,44
9683,53,Sci-Fi,10,2,77
9684,41,Sci-Fi,8,3,79
9685,33,Drama,84,7,93
9686,52,Sci-Fi,17,1,95
9687,28,Romance,93,6,65
9688,40,Drama,99,6,97
9689,21,Action,86,5,95
9690,50,Romance,32,3,46
9691,23,Comedy,23,3,72
9692,47,Comedy,10,7,93
9693,28,Comedy,15,6,72
9694,40,Romance,22,7,84
9695,36,Horror,111,1,87
9696,31,Horror,49,4,87
9697,42,Drama,12,5,86
9698,19,Drama,84,2,75
9699,23,Horror,83,7,62
9700,35,Horror,116,6,44
9701,50,Romance,49,6,90
9702,26,Romance,37,3,50
9703,41,Action,105,6,94
9704,54,Sci-Fi,60,5,65
9705,24,Drama,116,3,77
9706,23,Documentary,85,2,62
9707,54,Drama,114,6,47
9708,44,Horror,7,3,77
9709,48,Sci-Fi,83,1,62
9710,33,Comedy,50,1,44
9711,54,Documentary,100,2,66
9712,49,Documentary,13,1,44
9713,25,Documentary,40,1,68
9714,53,Horror,5,2,75
9715,55,Drama,69,3,100
9716,59,Comedy,19,6,73
9717,30,Romance,7,2,55
9718,33,Horror,41,6,82
9719,38,Action,57,4,90
9720,23,Horror,105,4,83
9721,34,Documentary,21,2,73
9722,54,Action,56,1,70
9723,29,Horror,84,2,61
9724,27,Horror,76,4,75
9725,38,Horror,77,1,65
9726,24,Action,62,6,42
9727,31,Sci-Fi,52,2,98
9728,56,Action,106,6,76
9729,24,Romance,104,7,81
9730,33,Horror,50,4,64
9731,50,Comedy,119,7,54
9732,43,Horror,33,7,41
9733,28,Sci-Fi,59,7,51
9734,36,Kids,93,3,43
9735,53,Action,89,4,60
9736,47,Sci-Fi,103,1,76
9737,47,Documentary,81,2,70
9738,28,Action,70,3,74
9739,18,Action,11,7,82
9740,60,Action,120,3,46
9741,32,Action,91,3,99
9742,38,Documentary,111,6,96
9743,60,Action,62,1,45
9744,23,Drama,29,5,82
9745,49,Kids,13,3,47
9746,42,Kids,112,2,55
9747,43,Horror,103,4,49
9748,33,Horror,20,7,41
9749,20,Comedy,43,2,53
9750,19,Drama,21,5,90
9751,27,Comedy,7,4,64
9752,38,Comedy,43,5,40
9753,58,Documentary,94,4,90
9754,20,Drama,86,6,98
9755,59,Drama,69,3,42
9756,27,Documentary,22,2,53
9757,26,Horror,23,5,45
9758,26,Drama,5,1,53
9759,44,Action,100,3,81
9760,48,Kids,5,2,94
9761,33,Action,117,4,99
9762,42,Action,90,1,63
9763,50,Comedy,19,4,92
9764,34,Romance,21,6,42
9765,51,Sci-Fi,7,5,42
9766,45,Documentary,42,7,61
9767,60,Drama,40,2,93
9768,30,Drama,35,4,88
9769,35,Documentary,92,6,77
9770,38,Drama,57,5,58
9771,49,Drama,17,2,82
9772,51,Documentary,44,5,43
9773,26,Sci-Fi,40,2,72
9774,40,Documentary,34,1,100
9775,44,Horror,40,7,99
9776,27,Romance,54,5,52
9777,41,Sci-Fi,81,5,70
9778,18,Comedy,5,7,43
9779,36,Sci-Fi,115,3,90
9780,30,Horror,110,7,98
9781,35,Kids,36,2,73
9782,34,Sci-Fi,86,7,67
9783,49,Documentary,86,2,51
9784,25,Sci-Fi,5,2,63
9785,56,Documentary,37,6,100
9786,46,Sci-Fi,73,4,44
9787,41,Sci-Fi,23,1,63
9788,45,Drama,81,4,68
9789,44,Documentary,16,2,65
9790,57,Action,113,7,72
9791,59,Kids,28,1,71
9792,53,Comedy,111,3,42
9793,38,Horror,42,5,42
9794,36,Comedy,85,1,95
9795,23,Romance,24,4,67
9796,56,Drama,20,4,84
9797,60,Comedy,108,7,56
9798,43,Documentary,75,2,53
9799,28,Romance,64,3,80
9800,52,Sci-Fi,48,5,44
9801,24,Sci-Fi,76,4,82
9802,56,Horror,93,4,98
9803,27,Sci-Fi,57,2,41
9804,50,Romance,84,2,80
9805,48,Drama,88,5,72
9806,27,Action,28,3,100
9807,22,Action,110,1,99
9808,45,Horror,38,2,54
9809,24,Comedy,86,5,80
9810,21,Sci-Fi,99,2,77
9811,47,Action,81,1,55
9812,53,Drama,54,1,47
9813,18,Documentary,5,6,73
9814,41,Action,41,4,78
9815,41,Romance,109,2,75
9816,31,Romance,69,3,63
9817,36,Romance,24,6,67
9818,31,Sci-Fi,79,3,40
9819,51,Kids,90,1,69
9820,44,Horror,18,1,57
9821,59,Action,63,6,57
9822,33,Kids,27,3,54
9823,23,Drama,112,1,87
9824,60,Drama,8,1,56
9825,60,Drama,48,7,54
9826,26,Sci-Fi,43,4,95
9827,18,Drama,51,1,71
9828,29,Romance,18,7,49
9829,53,Comedy,94,3,69
9830,52,Horror,36,5,70
9831,40,Action,17,5,95
9832,25,Romance,21,6,50
9833,47,Comedy,88,4,65
9834,21,Action,110,2,97
9835,26,Drama,53,5,49
9836,56,Romance,46,3,64
9837,38,Sci-Fi,118,7,50
9838,18,Comedy,110,2,65
9839,34,Documentary,101,2,84
9840,23,Documentary,113,6,96
9841,33,Horror,6,3,84
9842,33,Kids,74,3,76
9843,35,Drama,74,3,90
9844,60,Comedy,49,3,62
9845,47,Comedy,92,4,65
9846,25,Horror,38,4,86
9847,58,Drama,9,6,49
9848,55,Romance,114,1,73
9849,32,Sci-Fi,45,1,94
9850,59,Comedy,16,6,69
9851,29,Drama,23,1,63
9852,34,Kids,44,6,72
9853,56,Romance,63,6,49
9854,53,Action,84,6,50
9855,33,Action,50,2,95
9856,34,Sci-Fi,18,5,51
9857,39,Horror,73,4,93
9858,44,Romance,119,2,69
9859,41,Horror,35,4,99
9860,44,Kids,69,2,48
9861,24,Action,40,1,95
9862,46,Romance,98,3,94
9863,25,Documentary,47,1,58
9864,51,Sci-Fi,95,6,40
9865,19,Kids,61,6,70
9866,25,Comedy,97,2,57
9867,26,Romance,26,4,93
9868,21,Action,116,6,74
9869,58,Sci-Fi,68,5,71
9870,41,Romance,77,7,79
9871,46,Horror,64,4,89
9872,46,Action,26,7,48
9873,55,Documentary,11,4,46
9874,19,Comedy,119,6,90
9875,34,Romance,95,1,94
9876,59,Documentary,49,6,83
9877,39,Drama,38,4,52
9878,42,Kids,88,4,68
9879,19,Horror,71,4,66
9880,34,Romance,43,1,88
9881,47,Kids,72,2,70
9882,47,Romance,55,7,57
9883,51,Kids,23,3,100
9884,45,Romance,28,7,42
9885,49,Comedy,23,1,100
9886,58,Drama,74,4,69
9887,29,Romance,51,6,91
9888,35,Kids,68,2,56
9889,59,Horror,96,5,44
9890,56,Horror,45,1,94
9891,46,Kids,116,5,96
9892,30,Comedy,57,3,66
9893,44,Comedy,94,5,65
9894,35,Horror,19,3,62
9895,21,Action,78,3,55
9896,50,Romance,82,1,47
9897,25,Kids,71,5,88
9898,46,Documentary,36,3,41
9899,44,Romance,95,5,86
9900,58,Drama,117,7,49
9901,57,Documentary,29,1,66
9902,39,Action,50,3,50
9903,24,Drama,94,4,49
9904,58,Romance,64,6,49
9905,55,Drama,55,5,97
9906,21,Action,97,3,89
9907,55,Horror,89,2,72
9908,18,Romance,27,3,49
9909,45,Sci-Fi,102,7,60
9910,32,Comedy,81,4,57
9911,57,Horror,67,3,71
9912,48,Comedy,89,5,67
9913,54,Documentary,88,7,51
9914,31,Horror,40,1,43
9915,54,Comedy,15,5,42
9916,18,Kids,86,1,95
9917,34,Horror,70,7,96
9918,39,Romance,96,4,57
9919,35,Comedy,28,5,82
9920,49,Action,86,1,96
9921,21,Romance,21,4,66
9922,19,Sci-Fi,98,4,91
9923,28,Drama,40,5,72
9924,57,Drama,73,7,97
9925,26,Horror,13,7,100
9926,22,Sci-Fi,114,7,57
9927,28,Documentary,99,4,77
9928,36,Drama,80,3,71
9929,60,Kids,38,6,76
9930,47,Romance,113,3,54
9931,58,Horror,12,6,72
9932,41,Sci-Fi,20,1,53
9933,19,Drama,90,3,48
9934,28,Action,31,1,68
9935,59,Action,12,3,75
9936,46,Documentary,32,3,81
9937,49,Horror,26,1,99
9938,33,Horror,34,7,70
9939,28,Kids,79,7,71
9940,36,Sci-Fi,87,3,95
9941,47,Action,58,1,55
9942,51,Romance,56,6,64
9943,36,Comedy,88,3,96
9944,49,Sci-Fi,30,2,54
9945,30,Comedy,68,5,52
9946,26,Horror,5,5,45
9947,41,Drama,117,7,75
9948,52,Kids,99,3,48
9949,52,Comedy,23,1,61
9950,24,Comedy,102,7,44
9951,20,Sci-Fi,44,7,75
9952,35,Drama,30,3,56
9953,55,Horror,81,7,41
9954,21,Romance,105,3,84
9955,44,Romance,65,2,54
9956,25,Romance,117,7,91
9957,32,Horror,117,1,83
9958,26,Romance,102,1,55
9959,43,Sci-Fi,16,2,64
9960,44,Kids,11,4,58
9961,22,Horror,97,7,44
9962,38,Action,71,6,56
9963,37,Documentary,59,3,88
9964,60,Horror,58,4,70
9965,56,Documentary,90,2,40
9966,43,Romance,32,7,59
9967,51,Action,103,3,42
9968,57,Documentary,10,1,47
9969,19,Action,54,6,66
9970,41,Kids,35,1,89
9971,34,Documentary,28,6,44
9972,23,Horror,58,4,74
9973,49,Sci-Fi,56,2,55
9974,31,Sci-Fi,29,7,52
9975,40,Horror,115,6,70
9976,41,Action,55,6,53
9977,29,Sci-Fi,24,6,57
9978,19,Sci-Fi,51,2,54
9979,58,Action,85,4,77
9980,46,Kids,57,4,41
9981,24,Kids,89,2,41
9982,47,Kids,77,5,92
9983,44,Romance,39,4,46
9984,56,Comedy,13,1,76
9985,19,Kids,42,2,64
9986,54,Kids,20,2,70
9987,35,Kids,27,5,82
9988,31,Drama,24,7,96
9989,44,Drama,107,3,82
9990,26,Comedy,11,5,53
9991,60,Drama,18,5,44
9992,28,Sci-Fi,73,5,72
9993,20,Romance,92,6,69
9994,28,Horror,89,5,93
9995,23,Kids,61,4,46
9996,31,Sci-Fi,35,2,72
9997,29,Sci-Fi,43,2,99
9998,26,Comedy,92,4,49
9999,48,Horror,66,3,83
10000,60,Romance,15,1,75
